carBrand,mileage,carModel,year,price,description
Ford,129600, Ecosport,2008,12500,
Kia,56000, Sorento,2005,15950,
Kia,112000, Rio r,2014,12000,
Volkswagen,63000, Amarok,2017,27000,
Ford,225000, FIESTA POWER,2004,4900,
Renault,116000, Logan,2011,8300,
Hyundai,79500, i10,2013,8600,
Mitsubishi,160000, Outlander,2009,16700,
Renautl,153000, Sandero,2010,8590,
Chevrolet,112000, Grand Vitara 3P Sport,2014,15400,
Hyundai,406000, Elantra,2004,6777,
Chevrolet,58000, TRAIBLAZER,2017,40500,
Kia,143000, GRAND CARIVAL,2013,15500,
Mitsubishi,245000, Lancer,2003,10500,
Mercedes-Benz,275000, C220,1996,11000,
Kia,130000, Carnival,2014,18000,
Jeep,230000, GRAND CHEROKEE LIMITED,2001,12500,
Nissan,20000, Sentra,2002,6320,
Hyundai,145000, SANTA FE 2.4,2011,18000,
Fiat,500000, Premio,1995,3500,
Chevrolet,22000, Sail,2019,35000,
Chevrolet,321000, D-Max,2007,10500,
Nissan,88400, Versa,2015,14900,
Toyota,200000, LAND CRUISER PRADO GX 3PTAS,2007,18500,
Kia,290000, Pregio,2014,38000,
Renault,150000, Duster,2015,13500,
Nissan Datsun,150000, 160J,1996,1800,
Toyota,130000, Fortuner,2013,27900,
Mazda,162000, BT-50,2013,20500,
Ford,139000, Bronco,1996,5850,
Chevrolet,174000, Spark,2010,6900,
Nissan,191000, Primera,1998,7000,
Fiat,278900, Uno fire,2006,6100,
Hyundai,30000, GRAN I10,2018,12600,
Great Wall,60000, HAVAL M4 LUXURY,2015,10800,
Ford,69000, Fusion,2010,16000,
Chevrolet,173, Sail,2012,8500,
Hyundai,15900, Ionic,2018,19000,
Renault,26000, Duster,2019,17600,
Volvo,168500, S90,1998,8500,
Great Wall H3 2.0,57000, H3,2018,18600,
Chevrolet,68500, AVEO FAMILY,2015,11500,
Volkswagen,145300, Jetta,2009,11500,
Hyundai,211, Terrracan,2005,12250,
Chevrolet,101481, Gran Vitara 3p 4x4,2011,14200,
Toyota,65000, RAV4,2013,24000,
Honda,98000, Accord,2013,20900,
Ford,80000, Fusion,2014,20200,
NETLIFE,1000, INTERNET FIBRA OPTICA,2020,29,
Kia,140000, RIO STYLUS,2013,24000,
Volkswagen,127000, Bora,2008,13200,
Toyota,250000, Tercel,1998,5947,
Nissan,235600, X-Trail,2003,9000,
Chevrolet,91500, Optra,2013,12800,
KIA SPORTAGE,150000, Sportage,2013,15000,
Toyota,12000, YARIS HATCHBACK,2019,17500,
Toyota,36700, RAV4,2017,32500,
Kia,13500, CERATO FORTE,2014,12500,
Renault,171124, Logan,2012,7900,
Aveo,51000, Family,2019,12000,
JEEP WRANGLER,30000, Rubicon,2012,57000,
Volkswagen,128000, Jetta,2011,11500,
Renault,1, Logan,2011,7299,
Nissan,400000, Sentra,2009,7500,
Kiar,100000, Sportage,2012,18200,
Ford,129200, EXPLORER LIMITED,2006,13500,
Nissan,120500, X-Trail Exclusive,2015,25500,
Chery,28000, Tiggo 5,2019,19000,
Ford,99500, Escape,2013,21500,
Chevrolet,68000, Captiva,2016,22000,
Nissan,108200, Tiida,2013,12000,
Chevrolet,102000, Sail,2014,10990,
Mazda,215000, MPV,2006,11750,
Kia,35000, Rio R,2019,16700,
Ford,100000, Fairmont,1995,3900,
Hyundai,180000, Tucson,2007,10300,
JEEP WRANGLER,72000, Wrangler,2012,46000,
Mercedes-Benz,239000, 280,1996,6000,
Hyundai,44000, Accent,2016,17000,
Mercedes-Benz,203000, C 200,1998,10500,
Renault,17000, Stepway,2019,15500,
QMC,10, YZK6460CT1,2007,8500,
Chevrolet,0, AVEO FAMILY STD 1.5 4P 4X2 TM,2015,9990,
Chevrolet,151000, corsa evolution activo,2007,6999,
Chevrolet,391300, corza win,2001,5300,
Chebrolet,1000, 94,1994,2500,
Mazda,230500, ALLEGRO,2008,6800,
Chery,41000, Fulwin,2016,9500,
Kia,93000, Sportage,2015,1,
Kia,35000, Sportage,2019,24000,
Ford,159000, Sport Trac,2011,246,
Ford,220000, F-150,2006,14500,
Chevrolet,7000, CAPTIVA LT,2020,24500,
Chevrolet,175000, CORSA EVOLUTION,2006,8000,
Kia,522971, Pregio,2002,6900,
Kia,87000, Rio R 2013,2013,13000,
Chevrolet,36000, Sail,2019,12800,
Chevrolet,0, NHR,2008,12800,
Nissan,42500, Versa,2013,12250,
Suzuki,250000, Grand Vitara,2011,11500,
Chevrolet,36000, Spark,2018,11000,
Chevrolet,36000, Spark GT,2018,12990,
Kia,65000, Rio R,2017,14500,
Renault,75000, Duster,2015,15200,
Hyundai,290000, Tucson,2005,10600,
Volkswagen,32418, Kombi,1996,7500,
Honda,286000, CR-V,2008,14300,
Toyota,185000, Corolla,2004,8000,
Mazda,202500, MAZDA,2005,7800,
Nissan,1, X-Trail,2016,22500,
Chevrolet,99000, N300,2015,10650,
Nissan,110500, March,2013,12000,
Kia,96000, CERATO FORTE,2011,13500,
Foton,4000, Aumark,2019,18000,
Kia,40000, Rio,2019,17500,
Mitsubishi,200000, MONTERO SPORT,2007,14500,
multimarca,100000, todos,2005,6000,
Plata,0, Fina,2020,80,
mitsubichi,94000, Outlander,2006,12500,
Fiat,70000, Fiorino,2015,12500,
Great Wall,20100, HAVAL H6 7DCT 2.0,2019,29800,
Suzuki,50100, Grand Vitara SZ,2018,18660,
Chevrolet,280000, N300,2012,12000,
Chevrolet,211710, Optra,2006,9800,
Fiat,493000, Uno,1996,2300,
Citroën,240000, Jumper,2014,9000,
Chevrolel,167400, Aveo Family,2011,7800,
Mitsubishi,163000, Blister,2008,1,
Mazda,173540, CX-9,2010,22000,
Jeep,309355, GRAND CHEROKEE LIMITED,1998,11000,
Chevrolet,79000, Sail LTZ,2014,11800,
Ford,200700, Ecosport,2006,9500,
Hyundai,81500, Sonata Hybrid,2015,16800,
Chevrolet,0, Spark,2020,3000,
Ford,380000, Explorer,1997,6250,
Ford,185000, Explorer,2007,13800,
Suzuki,39000, Gran Vitara SZ,2018,19990,
Kia,217000, Sportage R,2012,16000,
Toyota,100000, Prius,2010,10800,
Chery,73000, Tiggo 3,2017,12000,
Chevrolete,214000, camioneta doble cabina,2006,12600,
Toyota,18700, Fj40 Land Cruiser,40,1996, U$S 10.800 
Chevrolet,180000, Spark,2004,5300,
Hyundai,200000, Tucson IX,2012,15500,
Chevrolet,500000, AVEO FAMILY,2013,11500,
Mitsubishi,272000, Montero IO,2003,11500,
Chevrolet,16000, Captiva,2020,28000,
Chevrolet,126700, usado,2013,10200,
Chevrolet,122000, Vitara Sport,2013,15500,
Renault,242000, Logan Familier,2012,7800,
Volkswagen,159000, Polo,2002,7000,
Chevrolet,63000, Cruze,2017,18990,
Hyundai,112000, Sonata YF limited gasolina,2013,18000,
Skoda,144200, Fabia,2010,8500,
Hyundai,87300, Santa Fe 2.4,2011,19500,
Chevrolet,1, Vitara,1996,8000,
Mazda,49000, 3,2017,21900,
Mazda,184000, Mazda 3,2007,9500,
Chevrolet,117500, Vitara 2013,2013,15800,
Ford,282000, Fiesta,2005,5900,
Peugeot,160000, Compact 207,2012,10500,
Chevrolet,180000, Captiva Sport 4x4,2010,15500,
Mitsubishi,189890, Outlander,2004,11000,
Nissan,180000, Frontier,2012,16000,
Chevrolet,0, LUV,1996,6500,
Audi,284000, A4,2003,10399,
Kia,184000, RIO XCITE,2012,8500,
Toyota,501840, Land Cruiser,1998,12500,
Hyundai,175800, Trajet,2003,1100,
Datsun,380000, 90,1996,4400,
Chevrolet,92000, Sail,2015,11800,
Zotye,80000, AUTOMOVIL,2019,15000,
Kia,35000, Rio EX AC 1.4,2018,16800,
Toyota,96000, COROLLA S,2013,16800,
Chevrolet,243000, D-Max,2012,18000,
Chevrolet,32000, Spark Life,2018,10000,
Mahindra,111111, Pick Up,2013,10500,
Nissan,65000, Versa,2014,13500,
Kia,50000, PICANTO EX KOREANO,2018,12200,
Skoda,215847, Fabia,2004,7500,
Hyundai,210000, Getz,2010,9500,
Zotye,79966, Z500,2016,12900,
gren well,80000, 2012,2012,15000,
Chevrolet,378000, Silverado,2000,7500,
Dodge,91998, Journey,2014,21500,
Toyota,231900, Hilux,2007,15300,
Toyota,144000, Prius,2010,14000,
Chevrolet,141000, SZ,2016,15800,
Volkswagen,96000, Jetta,2011,12000,
Chevrolet,15000, Trailblazer,2008,23500,
Mazda,30000, CX-5,2019,37840,
Mazda,184487, 5,2007,12700,
Hyundai,1, COUNTY,2006,30000,
Chevrolet,148500, Sail,2013,9500,
Chevrolet,360000, Corsa Wind,1997,5600,
Chevrolet,225, Aveo,2008,8300,
Renault,136500, Duster,2014,13000,
Chrysler,152000, 300 M,2001,14500,
Chevrolet,143000, Aveo,2013,10499,
Mitsubishi,66000, Eclipse,2008,35999,
Nissan,143, Tiida,2011,12,
Volkswagen,224000, Fox,2015,5800,
BYD,120000, FO,2012,6500,
Chevrolet,294000, D Max 4x2 CD,2009,14000,
Toyota,130000, Fortuner,2011,25000,
Chevrolet,138045, Grand Vitara SZ,2015,16000,
Kia,14000, Soul,2017,20000,
JAC,27000, 2019,2019,25500,
Toyota,196000, Yaris 3P,2005,7800,
Chevrolet,128000, Spark,2013,7100,
Kia,200000, Sportage Active,2011,13800,
Chevrolet,120000, Spark,2012,7500,
Chevrolet,219347, GRAND VITARA,2011,11500,
Fiat,208910, Fiorino,2010,9500,
Nissan,69000, Sentra Advance AT,2015,16900,
Chevrolet,225000, GRAND VITARA 5P,2011,13200,
Chevrolet sail 2012,152600, Sail 2012,2012,9700,
Honda,120000, CR-V,2008,17800,
Mazda,141631, 2,2011,11300,
Chevrolet,148746, AVEO EMOTION ADVANCE 1.6,2013,12300,
Suzuki,111111, Forsa 2,1996,4500,
Hyundai,10000, Accent,2019,17900,
Kia,113600, SPORTAGE WAGOM,2002,8700,
Chevrolet,95, Aveo family,2016,17000,
Chevrolet,75000, D-Max 3000,2018,45000,
Chevrolet,192000, AVEO ACTIVO,2008,8800,
Chevrolet,123000, AVEO ACTIVO,2012,10000,
Fiat,100000, Uno,1990,2700,
Chevrolet,122000, Optra,2013,12000,
Volkswagen,52000, Jetta 2.0,2011,13900,
Chevrolet,46000, Aveo,2016,11000,
Kia,165303, Sportage,2013,14500,
suzuki grand vitara 2001 4x4,335436, Grand Vitara,2001,9000,
Hyundai,46000, Accent 1.6,2015,16000,
Ssangyong,282000, Musso Sport Diesel,2006,10800,
Volkswagen,10000, CRAFTER AMAROK DIESEL,2013,700,
Citroën,70000, JUMPY IV AC 2.0 6P 4X2 TM DIESEL,2018,28000,
Great Wall,90000, Haval H5,2018,17999,
Honda,252000, CR-V,2003,11200,
Hyundai,150, Getz,2009,7800,
Chevrolet,108500, Grand vitara sport,2015,15500,
Chevrolet,115000, Sail,2012,8700,
Chevrolet,151000, corsa evolution activo,2007,6999,
Nissan,225000, Versa,2014,11800,
Hyundai,220000, County,2015,47500,
Chevrolet,50000, Suzuki SZ,2018,19500,
Mitsubishi,70, Sedan,1996,5800,
Chevrolet,103000, N200,2012,9500,
Nissan,5000, Qashqai,2020,28970,
Daihatsu,244000, Terios,2012,12500,
Chevrolet,210000, Aveo,2014,29000,
Kia,147000, Sorento,2010,18600,
Ford,70000, F-150,2008,15000,
Chevrolet,100000, grand vitara sz,2014,14350,
Chevrolet,54321, Otros Modelos,1981,7800,
Chevrolet,43553, Aveo Family,2019,12000,
Chevrolet,152500, Grand Vitara,2001,9200,
Suzuki,136874, GRAND VITARA SZ 2.0,2010,13600,
NISSA,412000, SENTRA 1.6 M/T,2011,15000,
Kia,48300, Picanto,2010,9200,
Chevrolet,106007, Tracker,2014,13300,
Chevrolet,266000, DMAX,2013,20500,
Suzuki,27703, S-Cross,2019,18500,
Renault,250, Clio,2002,4800,
Chevrolet,64000, Sail,2014,11500,
Nissan,215, Sentra,2007,7300,
Kia,48000, Niro,2019,22000,
Hyundai,11650, ACCENT 1.6,2019,19000,
Chevrolet,147000, Chevy Taxi,2013,16200,
HIUNDAY,160000, H1,2016,25500,
Hyundai,30200, Creta,2018,20600,
Suzuki,0, Grand Vitara SZ,2009,1,
Chevrolet,136874, GRAND VITARA SZ,2010,13800,
Chevrolet,97500, Sail 1.4,2015,11000,
Ford,300000, Ecosport,2004,7800,
Chevrolet,71000, Aveo Family,2016,11200,
Jeep,320000, Liberty,2002,10200,
Great Wall,110000, M 4,2015,11800,
Chevrolet,480000, AVEO FAMILY,2011,14000,
Nissan,228000, X-Trail,2009,13000,
Mazda,26700, CX-3,2017,26000,
Chevrolet,198500, Optra,2007,8400,
Kia,274300, Pregio,2010,24500,
Mazda,160000, 3,2015,18100,
Volkswagen Parati,36000, Automovil,2002,7600,
Nissan,114000, Versa,2012,12000,
Mercedes-Benz,52000, Clase E,2001,18000,
Fiat,150000, Siena,2003,8350,
Chevrolet,35000, D-Max,2018,39800,
Chevrolet,313000, Optra,2007,8800,
Volkswagen,258000, Gol 2006,2006,6500,
Nissan,25000, X-Trail,2018,31500,
Chevrolet,243500, Aveo Activo,2007,7500,
Honda,121500, Crv,2002,14500,
Chevrolet,180, Captiva,2010,15000,
Mazda,211000, 3,2008,10600,
Skoda,18000, octavia tour 1.6,2004,6500,
Chevrolet,280000, Grand Vitara,2007,10800,
Ford,132000, Sport Track,2007,15800,
Mitsubishi,108000, Outlander,2007,16200,
Hyundai,238000, H1,2013,18500,
Chevrolet,178000, Sail,2015,10900,
Mitsubishi,146700, lancer gt,2008,17200,
Chevrolet,16500, Zafira,2005,7000,
Mitsubishi,280000, Lancer,1998,5800,
Toyota,150000, RAV4 4X4,2007,16500,
Nissan,201, Xtrail Classic,2007,11000,
Great Wall,85000, M4 Luxury,2015,12200,
Mazda,49000, CX-5,2017,30500,
Toyota,100000, Fortuner,2014,30500,
Renault,118000, MEGANE 1.6TM,2005,8200,
Volkswagen,68300, Jetta,2013,16500,
Hyundai,207642, Santa Fe,2008,13000,
Nissan,187723, Rogue,2008,13400,
Renault,34000, Logan,2018,12400,
Chevrolet,137000, CHEVROLET MINI VAN N300,2013,10199,
Chevrolet,155000, Optra,2008,9000,
Great Wall,50280, C30,2018,13699,
Chevrolet,115000, Cruze 1.8,2012,16200,
Kia,17000, Picanto 1.0,2019,12250,
Mitsubishi,197000, Montero,2002,19000,
Ssangyong,73000, RX 320,2003,8900,
Chevrolet,186300, Aveo 1.6 Activo Full,2010,7800,
Renault,400000, Logan,2009,16000,
JAC,1, S2,2020,17150,
Mazda,30800, CX3 ENTRY AC 2.0 5P 4X2 TM,2019,23500,
Hyundai,35000, Elantra,2016,22500,
Chevrolet,73000, Grand Vitara,2014,14500,
Freightliner,300000, Trailer,2008,50000,
Chevrolet,150000, Trailblazer,2004,1,
AVEO FAMILY,46000, standar,2018,12300,
Chery,224000, QQ6,2008,5000,
Kia,240, Rio Xcite,2011,9600,
Daewoo,202305, Sedan,2001,6000,
Honda,184000, Crv,2005,10000,
Toyota,180000, Prius,2009,10800,
Great Wall,90000, C30,2019,11500,
Hundayi,74000, Tucson iX,2014,1,
Jeep,268, Grand Cherokee Limited,1998,12000,
Chevrolet,55000, Sail,2016,10999,
Toyota,180000, Prius,2009,10800,
Hyundai,96000, i10,2014,9000,
Renault,300000, Logan,2008,7000,
Chevrolet,220500, CORSA 5P WIND 1.4L,2004,7800,
Chevrolet,186030, AVEO EMOTION,2013,10900,
Toyota,46, DAIHATSU CHARADE,2019,6000,
Citroën,2789, C-Elysée,2020,18300,
Ford,143000, Escape,2013,17800,
Nissan,82000, XTRAIL EXTREME,2013,17700,
Toyota,234466, 4 Runner 4x4 TA,2004,20000,
Kia,55000, Soul,2017,18000,
Mitsubishi,300000, Galant,1996,6500,
Peugeot,155000, 207 Compact,2009,9500,
Toyota,91000, Fortuner 4x4,2013,27500,
Kia,43000, Rio,2019,18500,
Volkswagen,182000, Jetta,2009,10300,
Honda,230800, Accord,2006,11500,
Renault,200000, Logan,2009,15800,
Mazda,26500, 3,2007,9500,
Nissan,77400, X-Trail,2013,18000,
Renault,155168, Megane,2002,5400,
Hyundai,300000, accent 1.6,2013,34000,
Ford,45000, FORD,2013,18700,
Chevrolet,82000, Aveo,2012,11900,
Nissan,185000, Otros Modelos,2004,16000,
Ford,1, EXPLORER SPORT TRA 4X4,2009,16990,
Chevrolet,239190, 4x4,2001,9000,
Foton,20000, GRATOUR,2019,15800,
Chevrolet,1, Swift,1996,4300,
Mitsubishi,1, Lancer,1997,7400,
Ford,1511, Escape S,2014,22000,
Suzuki,54900, Lj 80 Hormiga,1996,5600,
Kia,4000, picanto LX 1.0,2020,12900,
Great Wall,31000, M 4,2018,13600,
Toyota,210000, Prado 3P,2006,16900,
Toyota,276000, Prado,2005,15700,
Volkswagen,195400, Jetta,2008,9500,
CHEVVROLET,300, Mini Blazer,2002,6500,
Kia,268000, RIO XCITE,2011,9500,
Kia,410000, Pregio,2011,26000,
Hyundai,200000, Accent,2005,7300,
Renault,52000, Logan,2017,12500,
Chevrolet,140000, Wind,1997,4000,
QMC,1, Cronos,2009,12000,
Chevrolet,150000, Aveo,2011,8300,
Chevrolet,300000, Dimax,2003,30000,
Renault,166000, Duster,2013,12300,
Ford,106000, EXPLORER XLT,2016,41500,
Mitsubishi,330, spotero L200,2007,18900,
Nissan,120, Pick Up,1996,5000,
Kia,275, Carens,2006,8990,
Skoda,190000, Felicia,1997,4000,
Chevrolet,145000, AVEO EMOTION,2015,11000,
Chevrolet,114000, aveo family,2013,11200,
Chevrolet,0, AVEO ACTIVO,2011,17800,
Kia,124000, Sportage,2013,15200,
Nissan,406574, Sentra 1994,1996,5000,
HIUNDAY,122000, Santa Fe,2011,17700,
Hyundai,260000, Tucson,2007,12000,
Toyota,152000, Corolla,2010,14200,
Chery,18500, Tiggo 3,2019,16800,
Toyota,0, HILUX 4X2 FULL,2020,36490,
Mercedes-Benz,165658, C180 Kompressor,2006,19000,
Great Wall,120383, HOVER H5 ELITE,2015,14900,
Renault,150000, Logan,2010,7000,
Chevrolet,270, SZ,2009,12000,
Kia,500500, Pregio,2009,22900,
Chevrolet,82000, Gran Vitara Zs,2014,16500,
Chevrolet,186600, Aveo Emotion 1.6L AC,2012,9000,
Suzuki,123000, GRAND VITARA SZ,2012,13800,
Toyota,259000, COROLLA 1.6,2010,12000,
Ford,40000," Ecosport ""TITANIUN""",2015,22500,
BYD,6500, YUAN S1,2018,22500,
Suzuki,1000, Forza 1,89,2020, U$S 4.500 
BYD,5500, YUAN,2018,22500,
Lada,0, 21043,1996,3200,
Chevrolet,132486, Tracker,2014,16000,
Honda,0, CR-V,2006,11800,
Chevrolet,13800, Spark GT,2020,12500,
Toyota,14800, Yaris,2020,17600,
Chevrolet,109500, Optra Advance,2012,11500,
Chevrolet,87000, Sail,2014,11000,
Honda,0, CR-V,2006,11800,
Toyota,210000, Hilux,2008,16200,
Honda,0, Crv,2006,11800,
Mazda,130000, 3,2007,11300,
Kia,175, Picanto,2010,8500,
Chevrolet,409531, Trooper,1996,8500,
Volkswagen,204000, Gol,2006,7950,
Ford,200000, Scape 2010,2010,16500,
Hyundai,178800, Matrix 1.6,2006,8900,
Ford,170000, Fiesta,2002,7200,
Kia,99755, Carnival,2002,8995,
Volkswagen,26000, Amarok,2018,28500,
Kia,133000, Sportage,2014,19500,
Renault,200000, R9,1996,2800,
Chevrolet,0, Sail,2019,550,
Volkswagen,93200, Jetta,2011,11800,
Jeep,88000, Patriot,2012,19900,
Toyota,123457, Prado,2008,20000,
Hyundai,125000, Tucson IX,2014,16000,
Dongfeng,36000, C37,2020,15000,
Ford,248000, Explorer,2002,11500,
Kia,3, Río stylus,2004,7800,
Hyundai,113000, Getz,2011,9900,
Mercedes-Benz,111000, C180Kompressor,2005,22000,
DFSK,39749, C37,2019,13900,
Hyundai,230000, Getz,2011,8500,
Dodge,16000, Journey,2018,32000,
Chevrolet,300000, Zafira,2003,7500,
Mazda,191400, BT-50,2011,15200,
Chevrolet,120600, SPARK LT. STANDAR,2011,7100,
Volkswagen,122, 1995,1996,4500,
Toyota,180000, Hilux,2007,16800,
Hyundai,271000, H1,2007,13000,
Kia,315000, Sportage,2006,11500,
Volkswagen,165000, Polo,2005,6500,
Mazda,94000, BT-50 4X4 CD AC,2015,22000,
JAC,56000, JAC T6 4*2 TM,2019,22000,
Chevrolet Suzuki,95000, Grand Vitara SZ,2013,16800,
Renault,222000, Logan,2009,1,
Toyota,362000, Land Cruiser FZJ80,1996,15800,
Foday,22000, Lion F22,2019,20000,
Chevrolet,0, TROOPER WAGON,2002,11500,
Suzuki,94400, Grand Vitara,2011,13900,
Chevrolet,141368, SILVERADO C10,1996,6800,
Chery,59000, Tiggo,2017,13200,
Toyota,117000, Camry,2007,11900,
Toyota,32000, Land Cruiser,2019,82500,
Hyundai,202000, Terracan,2006,14000,
Chevrolet,100000, Sail,2014,10000,
Chevrolet,191000, Grand Vitara 3 Puertas,2004,8500,
JAC,25000, Sunray,2020,26500,
Toyota,165000, RAV4,2007,15000,
Chevrolet,295000, DMX,2008,14500,
Chevrolet,250000, Grand Vitara SZ,2011,12000,
Hyundai,99335, Tucson Ix,2012,16600,
GMC,3500, Grand Sierra,1997,17500,
Todas,0, Todas,2008,122,
Chevrolet,130000, Spark,2007,6800,
Chevrolet,179200, Vitara 3p,2011,11500,
Chevrolet,350, Corsa,2004,10000,
Renault,0, Logan,2010,7000,
Hyundai,0, 2020,2020,3590,
Chevrolet,36000, NHR,2005,12999,
Chevy,180000, Silverado,2001,7900,
Toyota,135558, Hilux,2012,1,
Chery,131000, QQ6,2012,6400,
Nissan,213133, Tiida,2012,12000,
Chevrolet,152000, Spark Activo,2009,7000,
Chevrolet,0, Spark,2008,5500,
Chevrolet Sail,25000, Sail,2019,15000,
Chevrolet,297000, Vitara,2007,9900,
Kia,22000, Niro,2017,19500,
Hyundai,0, 2020,2020,3550,
Chevrolet,107, D-Max,2016,17800,
Great Wall,127000, Florid,2012,8700,
Chevrolet,120000, Aveo,2014,11200,
Chevrolet,160000, DMAX,2014,25500,
Lada,0, 110,2006,4500,
Ford,53880, Edge,2013,30000,
Chevrolet,182000, Luv Dmax 2.4,2008,13000,
Susuki,115000, SZ,2016,17280,
Volkswagen,237186, Fox,2004,7000,
Kia,26000, Carnival,2018,38500,
NISSAN SENTRA,90000, SENTRA EXCLUSIVE AC,2016,16800,
Renault,137, Logan,2010,8200,
Chevrolet,93000, Sail,2014,11800,
Chevrolet,72000, Luv 2018,2018,26500,
Hiunday,200000, Getz,2010,9800,
Toyota,157000, 4Runner,2010,42000,
Mitsubishi,175000, Montero,1998,8500,
Volkswagen,1, Vento,1996,4900,
Chevrolet,140000, D-Max,2015,23200,
Honda,2, CRV 2.4,2002,10800,
Chevrolet,62000, Chevrolet N300 MAX CARGO 1.2L TM AC,2018,12750,
Chevrolet,35000, Sail,2019,35000,
Great Wall,5000, H3,2019,19200,
Chevrolet,490000, AVEO ACTIVO,2008,11500,
Mercedes-Benz,100000, 280 GE,1996,7500,
Chevrolet,231000, Grand Vitara,2000,2007, U$S 11.800 
Ford,170000, Edge,2013,24500,
Mazda,181000, Mazda 3,2008,12500,
Lada,11000, Sedan,1996,1550,
Chevrolet,175, OPTRA Avance,2011,9500,
Hyundai,220000, Elantra,2015,29800,
Hyundai,50000, Tucson,2015,23500,
Renault,182000, Duster,2013,12500,
Changhe,700000, CH6390,2011,4400,
Chevrolet,63671, Aveo,2013,11500,
Renault,60000, Duster,2013,11500,
Zotye,150000, jeep,2007,7900,
Kia,93000, Sportage R,2014,17900,
Chevrolet,320000, Vitara,1998,7900,
Nissan Qashqai,63300, Nissan Qashqai,2017,24800,
Kia,114000, SPORTAGE R,2015,19600,
Mazda,63500, BT-50,2012,17300,
Suzuki,276, Grand Vitara 5 Puertas,1998,7900,
Peugeot,200000, Berlina,2002,5000,
Chevrolet,215000, optra limited,2006,8000,
Great Wall,97000, Haval,2012,12990,
Suzuki,30200, S-Cross,2019,19000,
Chevrolet,0, D-Max,2020,36200,
Chevrolet,6950, Beat,2019,13600,
Chevrolet,217000, Sail,2016,8500,
Mazda,290000, Mazda Allegro,2007,7800,
Chevrolet,12000, Captiva,2020,27000,
Great Wall,135000, HAVAL H5,2012,11200,
Toyota,39400, YARIS SPORT,2019,18500,
Kia,72000, Picanto,2015,9900,
Ford,278530, RANGER 2600 CD 4X4,2009,13000,
Mitsubishi,372, Montero,1996,8900,
Hyundai,150000, I30,2010,13700,
Chevrolet,38000, Cavalier,2019,18300,
Chery,254000, QQ3,2012,4200,
Zotye,36000, Z100,2018,8500,
Chevrolet,57, Grand Vitara Sport 4x4,2015,16000,
Chery,190000, QQ3,2012,5100,
Kia,34100, Rio,2018,13500,
Hino,0, 0,2009,1,
Audi,150000, 80,1996,7200,
Chevrolet,179000, Vitara,2010,10800,
Great Wall,280000, Haval,2012,13500,
Mitsubishi,100000, ASX,2015,22500,
Chevrolet,143000, Sail,2014,9800,
Peugeot,190250, 307,2007,7500,
Ford,250000, Fiesta power,2006,6990,
Daihatsu,185000, Sirion,2008,7500,
Chevrolet,86000, Aveo,2016,16000,
Ford,157000, Escape,2009,13500,
Chevrolet,44000, Sail,2014,11600,
Hyundai,20000, Accent,2019,17200,
Chevrolet,11865, Cavalier,2019,18500,
Volkswagen,0, Gol,1998,5000,
Great Wall,100000, Haval H5,2014,14800,
Mitsubishi,10000, Montero,1996,750,
Kia,275000, Pregio,2012,23000,
Suzuki,53000, Sz Next Sport,2017,17100,
Nissan,383160, Sentra,2008,6200,
Ford,128000, Fiesta,2009,10500,
Chevrolet,135000, SZ,2012,14300,
Hyundai,57000, Santa Fe,2016,25000,
Kia Picanto Evolution,154100, Picanto FL,2011,7600,
Renault,148000, Clio 1.4M/T,2003,5800,
Chevrolet,234120, CORSA EVOLUTION,2006,7500,
Suzuki,91928, SZ,2014,16000,
Volkswagen,342974, Polo,2003,5800,
Chevrolet,194100, AVEO EMOTION 1.6 GLS,2012,11100,
Chevrolet,250000, Corsa Evolution,2005,6800,
Chevrolet,330, Aveo,2011,30,
Volkswagen,145000, Gol,2001,6000,
Renault,120000, Logan,2018,26500,
Volkswagen,210000, Jetta,2011,11800,
Chevrolet,625000, Aveo Activo 1.6,2010,1,
Great Wall,46000, Wingle 5,2019,18000,
Hyundai,102000, Tucson,2010,14500,
Chevrolet,166000, NLR,2013,19600,
Nissan,277000, Sentra,2002,5500,
Nissan,42558, Versa,2017,15500,
Ford,60000, EDGE SEL,2016,40000,
Ford,60000, Edge,2016,40000,
Zotye,17600, 2019,2019,10900,
Chevrolet,70000, Grand Vitara,2013,15000,
Soueast,62000, DX 3,2018,15600,
Kenworth,0, T660,2012,21000,
Chevrolet,125000, Aveo,2013,9400,
Volkswagen,0, Brasilia,1996,3500,
Chevrolet,106000, Grand Vitara Std,2012,13500,
Nissan,90000, Sentra,1996,5200,
Ford,40000, F150,2015,30240,
VOLSWAGEN,362000, Crafter,2014,28000,
Honda,85000, Civic,2010,15000,
Renault,275000, Clio Sedan,2004,6699,
VOLKSWAGUEN,270000, Golf,2002,7500,
Chevrolet,0, Sail,2012,9000,
Chevrolet,238561, Corsa Evolution 1.8,2006,78,
Kia,9500, Picanto,2019,15000,
Chevrolet,676655, CAMIONETA,1996,3000,
Suzuki,14000, Gran Vitara SZ,2012,13500,
NISSA,369453, PICK UP CABSIMPLE MT,1999,7800,
Chevrolet,253666, Sail,2012,1234,
Toyota,216000, Corolla,2005,8700,
Volkswagen,3, Gol,2001,5800,
Kia,27000, SOLUTO,2020,16000,
Chevrolet,130000, Spark,2008,5500,
 Nissan murano,198,Murano 2007,2007,13000,
 Ford,212,Explorer,2007,14800,
 2001,239,Gol,2001,6500,
 Honda,284,CR-V,2008,14300,
 Volkswagen,145,Jetta,2009,12900,
 Mazda,4,CX3 Entry 2.0,2020,27000,
 Suzuki,151,Vitara SZ,2010,13200,
 Ford,210,F-150 XLT,2010,17500,
 Chevrolet,180,Aveo,2012,10800,
 Kia,360,2013,2013,15500,
 Skoda,93,Octavoa A5,2013,13500,
 Chery y Donfeng,50,Modelos 2020 y 2021,2020,13990,
 Volkswagen,40,Escarabajo,1974,6000,
 Ford,186,Windstar,1998,6650,
 Nissan,170,X-Trail,2008,12999,
 Chevrolet Corsa,287,Wind 1.6,1999,6150,
 Ford,40,F-150,1999,8900,
 Chevrolet,108,N300 MAX,2013,9300,
 Kia,50,2019,2019,13500,
 Volkswagen VW,100,Gol,2011,11000,
 Peugeot,130,207+ (Francés),2012,10800,
 CHEVROLET BEAT,2,2020,2020,15000,
 Chevrolet,220,Silverado 4x4 híbrid,2011,20500,
 HIUNDAY TUCSON,70,TUCSON IX STD 2.0 5P,2015,21900,
 Toyota,132,Fortuner T/A 4x4,2013,28500,
 Hyundai,57,i10,2014,8800,
 Chevrolet,286,Emotion 2010,2010,9500,
 Hyundai,70,Santa Fe 4x4,2015,29500,
 Volkswagen,250,Volkswagen polo 2004,2004,7250,
 Toyota,215,RAV4,2002,7000,
 Ford,200,Expedition,1992,4000,
 Chevrolet,199,D-Max,2013,199999,
 Mitsubishi,362,Galant,1998,4500,
 Volkswagen,187,vento CL,1997,1,
 Todas las marcas,170,Todos,2015,7000,
 Toyota,163,2011,2011,19500,
 NISSAN DATSUN 12OO,11,DATSUN 120O,1972,4400,
 Ford ranger xls,175,Ford ranger,2012,21600,
 ford f150,111,77,1977,3500,
 Chevrolet,335,Blazer,1998,5400,
 Ford,180,F-150 doble cabina,2010,16400,
 Chevrolet dimax,156,Dimax 2014,2014,17500,
 Cualquiera,1,Nuvo o semi nuevo,2020,226,
 Chevrolet luv 2.5,500,2002,2002,7600,
 Chevrolet Spark lite,239,Spark lite año 2009,2009,5700,
 Chevrolet,235,Spark,2008,6000,
 Great Wall,113,H5 2.0 turbo,2015,13900,
 Toyota,88,Prius,2013,10800,
 Honda,230,HONDA CRV FULL,2001,8500,
 Kia,43,Picanto 1.2 xline,2019,12450,
 Peugot,160,2009,2009,6800,
 Chevrolet,140,Grand Vitara Sz Next,2016,15000,
 Toyota,365,RAV4,2002,9200,
 Ford,41,Ranger XLS,2018,29900,
 Chevrolet,293,Luv DIMAX,2014,17600,
 Chevrolet,230,Spark,2007,4800,
 Hyundai,185,Tucson,2006,9500,
 Zotye Nomada RX6400,1,Zotye Nomada RX6400,2009,6000,
 Chevrolet,11,Cavalier,2019,18000,
 Chevrolet,171,Grand Vitara 5p,2011,12000,
 Toyota corolla full,239,Corolla full,2007,8500,
 Chevrolet,220,Trailblazer LTZ,2004,9500,
 CHEVROLET DMAX,301,Optima,2013,1,
 Daewoo,100,Tico,1996,3800,
 Toyota,213,Hilux,2004,14500,
 Chevrolet,309,2007,2007,12800,
 Chevrolet sail,170,Sail,2012,8600,
 Chevrolet,201,Aveo family,2011,7950,
 Suzuki Forsa,50,Forsa,1988,4500,
 Chevrolet Optra,180,"Optra , Limited",2006,6700,
 Suzuki,124,GRAND VITARA SZ,2011,11950,
 Mitsubishi Montero,303,Todo terreno 4x4,1992,8300,
 Kia sportage R,21,Modelo 2019,2019,22000,
 Ford,50,Ranger,2019,33000,
 Toyota,253,RAV4,2003,11000,
 Volkswagen,264,Polo,2004,7000,
 Chevrolet,13,Spark Gt Full Premie,2019,12800,
 Hyundai tucson 2009,190,2009,2009,12000,
 FORD F150,200,VERSIÓN BRONCO,1994,7500,
 Kia,186,Cerato,2014,12500,
 Changan,25,CS 15,2018,15000,
 Chevrolet,140,N300,2015,10200,
 Kia Sportage,197,Active Koreano,2009,11500,
 Chevrolet,191,Buseta N200,2012,8000,
 Mazda,143,Bt50 outdoors 4x4,2017,25000,
 Hiunday,160,Excel,1994,2500,
 Volkswagen,183,Kombi,1981,5800,
 Chevrolet,123,Forsa,1996,4600,
 Suzuki,87,GRAND VITARA SZ NEXT,2016,15500,
 Sz,68,Sz Next,2015,16900,
 Toyota,1,Land Cruiser,1996,12500,
 Chevrolet,220,AVEO EMOTION 2012,2012,9800,
 Chevrolet,166,Vitara,2011,12500,
 Ford,165,F150 SC,2012,28000,
 Haval H2,42,H2 Luxury,2017,17900,
 Hiunday,153,Elantra,2010,10400,
 Frod,125,F-150,2013,24000,
 Chevrolet,227,Corsa wind,2001,4800,
 Renault,1,Twingo,2002,4800,
 Kia,116,Sport,2011,12500,
 Chevrolet,55,Sail,2014,10300,
 Fiat uno,500,Uno s,1992,3500,
 Suzuki,185,Grand Vitara SZ 5P,2012,13500,
 Honda,192,Crv 2.4,2007,14800,
 Lada,258,Niva 3 puertas,2002,4000,
 Chevrolet,100,1992,1992,7000,
 Hyundai,252,H1 VENDO O CAMBIO,2011,17000,
 Kia,100,Sportage,2012,12800,
 Chevrolet,124,Spark GT,2011,8900,
 Chevrolet,332,Mini Blazer,1995,7800,
 Chevrolet dmax 2.5,315,2008,2008,11000,
 Suzuki,130,Grand Vitara SZ,2014,14500,
 Hyundai,13,Creta,2019,22800,
 Honda,200,CR-V,2006,11900,
 Ford,260,Explorer Sport Trac,2008,14800,
 Chevrolet,250,Aveo Family,2010,6700,
 Mitsubishi,265,Montero,1999,13000,
 Daewoo,170,Tico,1997,3800,
 Dmax,120,Dmax 4x2 una cabina,2013,15500,
 Grand vitara,270,Chevrolet,2002,8300,
 Kia Rio,160,Kia Río,2010,7000,
 Kia,145,Sorento,2007,13000,
 Renualt Logan,135,"Logan 1,4 full",2012,8500,
 Hyundai,55,Tucson tl,2018,25500,
 Chevrolet,250,Vitara 5 puertas,1993,6400,
 Renault Twingo,1,Renault Twingo 2001,2001,4300,
 Chevrolet,87,Spark,2010,7200,
 Peugeot Berlina,258,Berlina SL 14,1995,2800,
 23000,134,XLT,2012,23000,
 Chevrolet,168,Optra,2007,9000,
 Daewoo,1,Lanos,2002,4500,
 Chevrolet,218,Aveo Activo,2010,7000,
 Kia,15,Sportage R Full,2019,23500,
 Chevrolet,180,Año 2007,2007,12000,
 Toyota,260,Hilux,2009,17300,
 Tata,137,Xenon 2.2,2014,14150,
 Kia,240,Sorento,2006,10200,
 Chevrolet,127,AVEO EMOTION,2009,9700,
 Hyundai,49,Tucson IX,2015,22800,
 Porsche,86,Cayenne,2012,65000,
 Zotye,19,T600 2.0 Turbo,2018,19500,
 volkswaguen,256,Gol 1.8,2005,5400,
 Hiunday,311,Tucson,2007,10500,
 Renalut,97,Tinwgo,1996,5500,
 Volkswagen,1,Escarabajo,1980,27499,
 Renault Duster 2.0,36,Duster 2.0,2017,17000,
 Hino dutro,85,Hino,2012,21000,
 Volkswagen,287,Gol,2006,7400,
 Daewoo Lanos 2002,300,O¶¶3&46O32,2002,4700,
 Kia carnival,27,Carnival,2016,32900,
 Volkswagen,17,Polo 2020,2020,17900,
 Hyundai,124,Tucson ix,2014,20500,
 Aveo family 2018,38,Family,2018,10800,
 Skoda,145,FABIA AMBIENTE GT,2011,10000,
 Hyundai,133,Tucson,2012,17500,
 Ford,262,Ecosport,2004,8200,
 Kia,18,Cerato,2005,7000,
 Great Wall,14,Wingle 5,2019,17800,
 Kia,229,Wagon,2002,7900,
 Hyundai,168,Tucson,2010,17000,
 Chevrolet,214,Aveo Activo,2008,8800,
 Volkswagen,175,Gol,2003,8500,
 Ford,86,Fiesta,2013,12000,
 Kia,90,RIO STYLUS,2013,9500,
 Kia Sportage R,75,Sportage R,2016,21600,
 Ford Explorer Sport,300,Explorer Sport,2003,12500,
 Hyundai,178,Tucson iX,2011,15500,
 Chevrolet,65,Aveo,2015,13000,
 Hyundai,645,Accent,2006,6000,
 Kia sportage,96,Sportage R,2017,20900,
 kia rio 2018 taxi,130,2018,2018,23,
 Fiat,100,Palio 2005,2005,5200,
 Ford,65,Bronco,1981,3800,
 Chevrolet,53,NEW SAIL,2018,13000,
 Zotye,250,Nomada,2011,6900,
 Chevrolet,251,Optra limited,2006,8800,
 Hyundai,185,Santa Fe,2009,14500,
 Toyota,23,Prius C sport,2019,19000,
 Mazda,265,ALLEGRO,2007,8300,
 Ford Explorer,1,Ford Explorer,2007,15000,
 Kia,35,Picanto Full,2019,13500,
 Geely,64,geely gls ful,2013,8500,
 Chevrolet,170,Aveo,2014,12000,
 Mercedes-Benz,500,1920,1965,9500,
 Diferentes marcas,1,Diferentes,2020,294,
 Renault Sandero,41,Sandero 2019,2019,13800,
 Great Wall,127,Haval H5 Elite,2014,13800,
 Volkswagen Golf,180,Golf,2005,11000,
 Hyunday,146,Tucson ix,2011,16500,
 Chevrolet,1,Aveo,2008,8590,
 Chevrolet negociable,89,Sail 2018,2018,13200,
 Hyundai,108,Accent,2013,13000,
 Kia,126,CERATO FORTE,2013,11900,
 Chevrolet,630,Spark,2006,4900,
 Soueast DX3 2018 Ful,42,Soueast DX3 2018 Ful,2018,15000,
 Fiat,1,premio 1.6,1992,3500,
 Hyundai,216,Tucson,2005,10300,
 Hyundai,228,Tucson 2010 Full,2010,14000,
 JAC,135,HFC1035 doble cabina,2014,13700,
 Chevrolet,270,Sail,2012,12500,
 Chevrolet,200,Dmax 2015,2015,25000,
 Chevrolet Dimax,151,Camioneta,2015,16300,
 Suzuki,38,S-Cross,2019,19100,
 Chevrolet,650,Trooper,1984,4000,
 Chevrolet,68,Captiva Sport,2015,18000,
 Chevrolet,68,Cruze,2016,16900,
 Ford,49,Edge SEL,2017,10,
 Hyundai,102,i10,2012,8000,
 Chevrolet,111,Monza,1991,2700,
 Chevrolet,118,Spark,2012,7500,
 Chevrolet,120,Captiva Sport,2014,16500,
 Toyota,160,Corolla,2007,9000,
 Chevrolet,140,Aveo Activo,2011,9200,
 Chevrolet,195,Rodeo,2004,12300,
 Varios,1,Varios,2020,353,
 Mazda,1,B2200,2006,12900,
 Toyota,190,Corolla,2010,11500,
 Hyundai,98,Tucson IX,2014,19700,
 Chevrolet,205,CORSA EVOLUTION 1.8,2007,1,
 Chevrolet,106,2015,2015,15500,
 Hyundai,40,Grand i10,2018,12500,
 Mazda BT-50 4x4,137,Modelo 2013,2013,19000,
 Chevrolet,167,Luv D'max 2010,2010,16000,
 Susuki,42,Forsa,1991,5500,
 Toyota,227,RAV4,2007,13000,
 Hyundai,204,Accent 1.4,2012,10800,
 Renault,176,Sandero,2010,7900,
 Volkswagen,92,Gol,2013,11500,
 Kia picanto 2017,48,2017 1.2,2017,10600,
 Chevrolet,50,Spark GT,2018,10500,
 Volkswagen,10,Saveiro,2002,7500,
 Chevrolet,70,D-Max,2018,24000,
 Volkswagen,183,Polo 1.6,2004,7100,
 Picaso,229,2005,2005,8500,
 Kia,241,Sportage active,2012,13500,
 Citroën,60,C3,2018,17000,
 Chevrolet,122,Sail,2015,9500,
 Faw,26,D60 LUXURY 1.5 AC,2018,14500,
 Kia,150,Sportage,2007,11000,
 Suzuki 1,11,1991,1991,5500,
 Chevrolet,195,Corsa,2003,6400,
 Nissan,69,X-Trail,2017,30500,
 Honda,230,Civic,1993,5500,
 Toyota,322,Stout II,2005,10800,
 Chevrolet,152,Aveo Family,2011,8600,
 Chevrolet,124,Cruze 2011,2011,14500,
 Chevrolet,7,Beat Premier,2020,14800,
 Suzuki forza 1,85,Forsa,1991,4500,
 Domy x7,26,2019,2019,24500,
 Honda,192,CR-V,2002,10500,
 Chevrolet,146,Captiva Diesel,2007,17500,
 Volkswagen,140,CROSSFOX 5P,2007,9700,
 Chevrolet,133,D-Max,2015,24500,
 Mitsubishi,100,ASX 2011 2.0 Manual,2011,12800,
 Renault,400,Logan,2011,13500,
 Daewo Espero,1,Auto,1995,3500,
 Kia,385,Rio Stylus,2001,5500,
 Ford,100,F-250,1977,13500,
 Nissan,4,Quashqai Advance 4x2,2020,31000,
 Chevrolet,202,Sail,2014,9000,
 Renault,220,Logan,2011,7500,
 Chevrolet,175,2.0,2009,11000,
 Ford,170,F150 XLT,2014,30000,
 Toyota,332,Yaris,2005,7800,
 Ford,127,Escape,2011,14000,
 Chevrolet,2002,Mini bleazer 4x4,2002,30000,
 Toyota,40,Prius,2010,7000,
 Chevroleth,273,Silverado,2001,8000,
 Suzuki sz automático,210,Sz,2008,10500,
 Honda - Vitec,1,Civic,2002,8500,
 kia (coreano),18,Kia Picanto Pro,2020,13500,
 Chevrolet,83,Spark lt,2013,7500,
 Chevrolet,100,Luv dimax,2012,8000,
 Chevrolet,267,Corsa Evolution,2003,7500,
 Citroën,5,Berlingo,2020,23900,
 Skoda Fabia,171,2010,2010,9000,
 Volkswagen golf,150,1996,1996,4800,
 Hyundai Tucson ix,138,Tucson ix sin A/C,2011,16100,
 Mitsubishi,118,Montero blister 5p,2002,17000,
 Toyota yaris sport,14,Toyota Yaris sport,2020,21000,
 Chevrolet,27,Forsa,2003,7400,
 Chevrolet Corsa Wind,271,Corsa Wind 2005,2005,6700,
 Ssssanyong Korando,142,Korando,2008,10500,
 Volkswagen,325,Gol 1.6,1996,4100,
 Hyundai,1,Accent,2003,6000,
 Land Rover,297,Discovery I,1996,6500,
 Chevrolet,188,Aveo Activo,2012,8300,
 Chevrolet sail,170,Sail,2012,8100,
 Suzuki 1,350,Forsa,1990,5000,
 Volkswagen golf 2.0,197,Golf,2005,10600,
 Volkswagen,228,Vento,1994,4600,
 Chevrolet,220,Grand Vitara,2011,13000,
 Chevrolet,88,SPARK GT FULL AC 1.2,2015,9800,
 Volkswagen,251,Gol 2002,2002,6700,
 Nissan Xtrail,230,X-Trail,2007,13900,
 Toyota 1000,1,1000,1971,4500,
 Foton,82,Aumark C6514,2014,13800,
 Kia,180,Stylus,2013,9200,
 Kia Rio GT LÍMITED,18,Rio GT LIMITED FULL,2019,17999,
 Great Wall,82,Haval Full H2,2016,17500,
 Great Wall,125,Voleex C30,2013,9800,
 Ford,86,F-150,2015,42000,
 Mitsubishi,117,Outalander 2016,2016,32000,
 Chevrolet,220,CORSA 1.4,2005,7500,
 Kia sportage active,70,Sportage active 2013,2013,16800,
 Mitsubishi,120,Montero blister,2006,19500,
 Nissan,156,Tiida,2008,9500,
 Great well h5,200,Great well h5 elite,2012,13000,
 Chevrolect vitara 5p,270,Gran vitara 5p,2014,14800,
 Changan,37,CS 35,2019,17600,
 Kia,55,CERATO FORTE,2015,16500,
 Renault,222,Megane,2006,6900,
 Todas las marcas,1,Todos los modelos,2014,1,
 Chevrolet,255,Corsa Evolution 1.8,2004,9200,
 Daihatsu,245,Sirion 1.3,2007,6300,
 Hyundai,300,Atos Prime,2006,6800,
 Masda,39,BT-50,2015,21500,
 Suzuki,113,Grand Vitara SZ NEXT,2016,16500,
 Skoda,200,Octavia,2012,12000,
 Nissan 2012,16,Negro,2012,12000,
 Haval,22,H1 M4,2019,14399,
 Kia Rio Stylus 2010,550,Rio,2010,9500,
 Nissan,60,Sentra,2013,17000,
 Chevrolet,26,beat premier,2020,14000,
 Chevrolet,290,Grand vitara 3p,2004,10800,
 HIUNDAY H1,103,2012,2012,27000,
 Toyota,300,Land Cruiser,1977,15000,
 Nissan,21,X-Trail,2017,29000,
 Chevrolet,46,Spark GT,2019,11300,
 Kia,56,Rio,2017,14700,
 Mazda,245,BT-50,2010,18500,
 Honda,1,Civic,1997,12000,
 Renault,22,Logan,2019,12900,
 Chevrolet,56,Spark GT,2016,10000,
 Kia Sorento,260,Año 2004,2004,10000,
 De toda la Marca,5,De todo modeló,2020,500,
 Peugeot,248,306 XR 1.8,1994,4000,
 Ford F150,220,F-150,2010,17800,
 Hyundai,130,Tucson ix,2013,18900,
 Chevrolet sail,12,Sail 1.4,2019,13500,
 Chevrolet,15,Sail LT,2019,15450,
 Chevrolet,76,Vitara,2012,13700,
 Nissan Sentra B15,240,Sentra B15,2001,6300,
 Toyota,180,Corolla,2004,9800,
 Volswaguen,177,Polo 2005 HB,2005,7200,
 FIAT UNO,150,1990,1990,3200,
 Kia,316,CERATO FORTE,2015,11500,
 Hyundai,114,Tucson,2008,12300,
 Chevrolet,181,Gran vitara xl7,2007,12500,
 Hyundai,210,H1 2010,2010,18900,
 Skoda,178,SuperB,2003,7500,
 Nissan,119,Versa,2012,12500,
 Porsche Cayenne Turb,160,Cayenne Turbo,2008,52000,
 Chevrolet,150,Aveo,2015,30000,
 Chevrolet,118,Captiva Sport,2014,16500,
 Chevrolet,120,Captiva Sport,2014,17900,
 Mazda,250,BT-50,2013,13500,
 Chevrolet,204,D-Max,2007,14300,
 Mazda Bt50,1,"2,5 diesel",2010,16500,
 Toyota,65,RAV4,2013,23500,
 Suzuki,150,gran vitara sz,2012,13999,
 Chevrolet,150,Aveo Family,2014,8800,
 Mazda Bt-50 4x4,292,Doble Cabina,2009,17000,
 Chevrolet,95,Aveo Emotion GLS,2014,12000,
 Chevrolet,79,Grand Vitara sport,2015,17000,
 Toyota,180,Corolla,2009,11500,
 Nissan,109,Tiida,2015,10800,
 Wolkswagen Golf,285,Golf,2003,7800,
 Ford explorer,140,2008,2008,14600,
 Chevrolet,114,Spark GT Full,2015,10000,
 Peugeot 206,260,Berlina,2004,5500,
 Hyundai Creta,61,Hyundai Creta,2017,19800,
 Chevrolet Spark 2018,64,Spark,2018,8600,
 Hyundai,86,I30,2015,15500,
 Kia,230,Sportage,2002,7900,
 Ford,200,Ecosport,2004,8900,
 Nissan X-Trail,178,X-Trail Xtreme,2013,17500,
 Chevrolet dimax 4x4,340,Dimax,2005,12500,
 Chevrolet,1,Grand Blazer,1998,6000,
 Corsa,195,Wind 1.4,1997,4000,
 Chevrolet,265,LUV D-MAX,2012,13500,
 Toyota,260,RAV4,2002,12000,
 Kia,175,SPORTAGE ACTIVE,2010,15800,
 Chevrolet,200,Forsa 2,1996,5000,
 Hyundai,123,Tucson ix,2014,19500,
 Mazda,250,MPV,2006,8500,
 Mazda 3,145,2011,2011,12500,
 Chery,47,PRACTIVAN,2018,10500,
 CHEVROLET LUV 4×4,3,LUV 4×4,2004,15000,
 Honda,345,CR-V,1998,8900,
 Skoda,116,Felicia Combi GLX1.3,1999,4500,
 Zotye,21,T600,2019,18500,
 Skoda,14,Rapid,2018,25000,
 Honda,143,Civic 92,1992,4300,
 Toyota,111,RAV4,2013,23600,
 Krisler,20,Caravan,1997,8700,
 Chevrolet Spark,211,SPARK 2004,2004,5950,
 Hyundai,227,Tucson,2005,9800,
 Mazda,150,BT-50,2013,22500,
 Chevrolet,200,Grand Vitara 5P,2009,11000,
 Chevrolet,127,Aveo Family,2012,10000,
 Chevrolet,127,Sail,2015,12500,
 Nissan,31,Qashqai,2018,26000,
 VW,140,Polo,2014,12500,
 Renault,282,Megane full,2004,6400,
 Volvo,240,460 SE,1994,4500,
 Chevrolet,275,Optra,2005,8700,
 Chevrolet,131,Aveo,2014,10800,
 Nissan,2,1200,1998,7300,
 Hyundai,155,Tucson,2009,11500,
 Chevrolet,127,Grand vitara 5 puert,2015,14500,
 Chevrolet,123,Cruze,2012,13800,
 Peugot 306,401,306,1994,4500,
 Chevrolet,260,2011,2011,9500,
 Peugeot,165,307,2007,8500,
 Chevrolet Cruze,119,2012,2012,11750,
 Lada Samara,227,Station 111,2004,4200,
 Skoda,33,Forman,1995,2900,
 Peugeot,2,301,2019,19990,
 Aveo emotion,187,2014,2014,11500,
 Ford,193,Fiesta Power,2003,6500,
 Chevrolet D-Max,155,D-Max,2014,29000,
 Chevrolet,107,Aveo emotion advance,2016,11990,
 Volkswagen,31,Polo,2018,16000,
 Chevrolet,149,Jimny,2005,10500,
 Nissan,120,Almera,2012,10800,
 Audi,183,A3,2002,11000,
 Hyundai,255,Vera Cruz,2008,15500,
 Nissan,150,Murano,2005,13000,
 Chevrolet,270,Aveo 2008,2008,8500,
 Chevrolet,307,Sail,2014,9500,
 Great Wall,69,C30 VOLEEX,2018,11600,
 Hyundai,160,Sonata,2017,17800,
 Huyndai accent 2015,93,Accent 2015 full,2015,14800,
 Chevrolet,254,Corsa evolution,2003,7300,
 Mitsubishi,111,Lancer,1991,3200,
 Kia 4*4,107,Sorento,2007,14900,
 Volkswagen,100,Escarabajo,1985,3500,
 Volkswagen,282,Polo,2005,7890,
 Kia rio,53,Sedan,2019,18500,
 Kia,61,Niro,2018,21300,
 Hyundai accent verna,280,Verna,2002,5900,
 Volkswagen gol,11,Del 97,1997,3500,
 Misubishi,250,L200,1996,8800,
 Fyd,60,FO,2012,6800,
 Chevrolet,190,Aveo Family 1.5,2017,11000,
 Great Wall H5,88,H5 Elite,2014,14000,
 Cherry,153,VAN PASS,2012,9000,
 Hyundai,36,Tucson 2019 TL 2.0,2019,27500,
 Cherry,47,Practivan,2018,10500,
 Mazda,222,2200,1998,8500,
 Hyundai,136,Sedan,2018,15000,
 FIAT 500,27,500 LOUNGE,2018,16900,
 Renault Logan,285,Logan,2010,7500,
 Kia Rio r 2014,116,Kia Rio r 2014,2014,13000,
 Chevrolet Sail,130,Sail,2013,9500,
 Fiat 500,21,Fiat 500,2017,16800,
 Chevrolet,119,Aveo emotion 2014,2014,12000,
 Hyundai,228,Tucson,2010,14000,
 Hyundai elantra 1.6,148,1.6 full año 2012,2012,13800,
 Chery,13,Practivan Karry,2019,13500,
 Chevrolet Aveo Famil,115,Aveo family,2017,9990,
 Chevrolet,200,Corsa Evolution 1.8,2006,9000,
 Hyundai,44,Tucson,2019,28990,
 Chevrolet,1,Aveo Family,2011,8700,
 Renault logan,27,Logan 1.6 mpi,2017,12500,
 Mazda,123,Bt50 turbo diésel,2011,15500,
 Kia,14,Picanto,2019,14500,
 Renault,1,Megane 1.6,2002,5000,
 Mazda,315,323 coupe,1996,4800,
 Volkswagen,79,Amarok,2018,30000,
 Hyundai,209,Santa Fe,2009,16000,
 Hyundai accent,466,Accent,2011,20000,
 Volkswagen,200,Jetta,2005,8500,
 Chevrolet,126,D-Max,2008,14900,
 Hyundai,227,Tucson,2010,13200,
 Hyundai,285,Santa fe turbo,2008,12000,
 Hyundai Accent,150,Accent,2015,14000,
 Chevrolet,74,Emotion,2016,14000,
 Chevrolet,222,Aveo famili 2012,2012,8000,
 Chevrolet mini blaze,350,Mini blazer 4x4,1994,5400,
 Renault,206,Megane,2006,6500,
 Kia,25,Cerato LX AC 1.6 4P,2019,21000,
 Chevrolet Sail,96,Sail LTZ 2014,2014,12500,
 Mazda,245,BT-50,2010,18500,
 Chevrolet,350,D-Max,2006,13500,
 Chevrolet beat,40,Beat,2019,11600,
 Volkswagen gol,146,Gol,2011,10200,
 Chevrolet Corsa wind,240,Corsa wind,1997,4500,
 Ford,316,Ford explorer,2007,13800,
 Ford,157,Escape,2006,10000,
 Chevrolet,200,Vitara,2008,9900,
 Ford Escape,156,Escape,2011,15500,
 Chevrolet,105,Sail,2015,11000,
 CREVROLET,300,AVEO EMOTION,2008,8500,
 Hyundai,226,Tucson,2010,13000,
 Renault,82,Dynamic,2015,13500,
 Kia,16,Cerqto Koup,2017,22000,
 Kia,91,Sportage,2016,18000,
 Chevrolet,88,Sail,2014,10800,
 Chevrolet,170,Aveo emotion 2016,2016,11000,
 Kia Río Stylus 2013,136,Kia Río stylus 2013,2013,7800,
 Renault,77,Clío Italia,2015,16500,
 CHEVROLET D-MAX 3.5,273,D-MAX 3.5 V6,2005,14000,
 Renault,57,Duster,2018,17500,
 Chevrolet,38,Aveo Activo,2009,7000,
 Chevrolet,63,D-Max,2018,25500,
 Chevrolet,171,Vitara clásico 3p,2013,12000,
 Chevrolet,236,Grand Vitara XL,2005,11000,
 Chevrolet spark,193,Spark Activo,2012,6800,
 Hyundai,184,H1,2014,22500,
 Suzuki,82,Grand Vitara SZ,2015,15500,
 Chevrolet,196,Grand Vitara,2015,15000,
 Chevrolet corsa win,198,Corsa win,2002,6000,
 Chery Tiggo 2,44,Tiggo 2,2018,13700,
 Chevrolet,217,LUV D-MAX,2012,14000,
 Kia,10,NIRO 2019,2019,24000,
 Mazda,144,Bt50 4x2,2014,18000,
 Hyundai,322,H1 TQ,2009,18500,
 JAC,13,S3,2020,17990,
 Hyundai,442,Matrix,2006,9400,
 Great Wall,8,HOVER H5 T AC 2.0,2019,20990,
 Chevrolet Aveo,148,AVEO EMOTION,2014,11800,
 Hyundai,200,Terracan,2004,10300,
 Hyundai,143,Sonata,2013,15700,
 Chevrolet,76,Captiva,2016,16000,
 Chevrolet,80,Aveo family,2019,12500,
 Chevrolet,230,Aveo activo,2009,8600,
 Soueast,20,DX 3,2019,16800,
 Kia,260,Spectra,2004,6800,
 Foton,455,Camion de 12 tonelad,2013,35000,
 Toyota,165,Fortuner 4.0,2008,22500,
 Chevrolet,146,Sail TM 1.4 4x2 AC,2013,9600,
 CHOVROLET TIPO JEEP,157,2003,2003,11000,
 Nissan Sentra,200,Clásico,2007,7000,
 Volkswageb,35,Kombi,1981,8400,
 Nissan,118,Sentra,2009,10000,
 Chevrolet,42,sz,2019,20500,
 Volkswagen gol,94,plus estilo,2013,13200,
 Suzuki,107,Grand Vitara Sz,2013,14300,
 Chery,55,Tiggo 3,2017,14300,
 FORD FESTIVA DEL 94,277,FORD FESTIVA DEL 94,1994,4500,
 Hyundai,22,Accent 2018 1.4,2018,16000,
 Hyundai,111,Accent,2018,17300,
 Ford,1,Explorer,2009,18000,
 Chevrolet,285,2002,2002,11500,
 Skoda,273,Octavia A5,2010,12800,
 Transporte mixto,124,Trabajando actualmen,2017,29,
 Chevrolet,2,Aveo Family Taxi,2019,20000,
 Wolwaguen,270,2001,2001,6800,
 Chevrolet Sail 2013,60,Sail,2013,10500,
 Volkswagen Jetta,90,Jetta,2011,13900,
 Kia,192,Soul,2011,11500,
 CHEVROLET SUPERCARRY,217,SUPER CARRY 1994,1994,4500,
 Kia,35,SPORTAGE GT,2019,29300,
 BMW,68,Serie 3,2012,26000,
 Chevrolet,80,Sail,2017,15000,
 Kia,134,Sportage,2008,13000,
 Suzuki,49,Grand Vitara,2017,18200,
 Mitsubishi,200,Montero,2007,16500,
 Volkswagen,325,Polo,2005,7500,
 Hyunday accent,385,Verna 2005,2005,5700,
 LAND CRUISER,700,1992,1992,8000,
 Chevrolet,111,Grand Vitara 3p 4x4,2002,8500,
 Toyota,555,Tercel,1993,3500,
 Toyota,190,Land Crusier Prado,2005,15500,
 Renault,121,Duster 2013,2013,12200,
 Hyundai,165,Tucson IX,2011,15900,
 Hyundai,270,Santa Fe,2002,8400,
 Mercedes-Benz,185,230 TE,1989,7500,
 Chevrolet,143,Corsa Evolución 1.4,2006,8000,
 Chevrolet,1,Astra 2003 motor 2.0,2003,7500,
 Ford,185,Explorer,2010,15000,
 Kia,61,Niro,2018,21300,
 Kia,15,Rio,2020,17200,
 Toyota,130,Hilux,2016,25500,
 Chevrolet,930,Chevitaxi,2008,23000,
 Chevrolet,172,D-Max,2014,24500,
 Kia,280,Sportage,1995,5200,
 Grat wall,51,Wingle 5 2.0 diesel,2019,19200,
 Suzuki SZ 2019,58,Gran vitara,2019,18000,
 Toyota,80,Innova,2017,27500,
 Chevrolet,81,Emotion,2017,13000,
 Hyundai,34,H1,2019,37500,
 Mitsubishi lancer,945,Glx,1990,3500,
 Dimax,121,2015-2020,2015,39,
 Chevrolet,190,Aveo Activo 2012,2012,10000,
 Ford,214,Ranger,1996,7900,
 Soueast DX3,1,2021,2020,19000,
 Mazda,217,3,2007,10700,
 Toyota,33,Yaris Sport,2019,18000,
 Nissan,270,Sentra SE 2.0,2011,9500,
 Nissan,15,Sentra B17,2014,17000,
 Chevrolet,128,Aveo Family,2014,9500,
 Chevrolet,120,Aveo emotion advance,2016,15000,
 Great Wall,180,H5 turbo,2015,15800,
 Peugeot,170,206 Berlina X-Design,2009,8700,
 Renault,115,Sandero,2014,10800,
 Chevrolet,205,LUV D-MAX,2012,23500,
 Jeep,151,Gran cherokee laredo,1998,9500,
 Chevrolet,90,Aveo,2017,13000,
 Audi,225,A3 S-LINE Manual,2002,11500,
 Corsa wind,205,Corsa 5p wind 1.4L,2003,6100,
 Kia,33,Rio,2019,16800,
 Nissan,182,Tiida,2011,9600,
 Nissan,91,Tiida,2014,13200,
 Kia,55,CERATO FORTE,2015,17500,
 Hyundai,40,Sonata,2015,19000,
 BYD,20,Yuang S1,2017,20000,
 Hyunday,950,Elantrax,2014,16000,
" Suzuki, Chevrolet",17,2019 2.0 manual,2019,20000,
 Kia,110,Sportage Active 2.0,2013,13500,
 Ford,67,Escape,2015,23800,
 Toyota,154,Hilux,2010,22430,
 Volskwagen,253,Sedan,2005,6000,
 Chevrolet,210,Vitara,2003,10000,
 Daewoo a carburador,45,Espero 1.500cc,1994,3200,
 BYD Flyer,545,Flyer,2007,4500,
 Ford,172,XLT C/D,2011,23000,
 Renault Logan,50,Logan año 2018,2018,14000,
 Volkswagen,283,Gol,2001,5500,
 Chevrolet,16,Grand VITARA S/Z A/C,2019,21000,
 Volkswagen,100,Gol,1995,4990,
 Toyota,236,Yaris Sport,2005,8900,
 Kia,55,Cerato,2016,16000,
 Hyundai,285,Accent,2016,38000,
 Volkswagen,242,Gol,2006,7600,
 Mazda,99,2,2014,12400,
 Aveo Family,200,Aveo family,2014,9000,
 Toyota,141,Fortuner,2010,30000,
 Chevrolet,150,Grand Vitara,2011,13800,
 Volkswagen,260,Gol,2002,6900,
 Kia,106,Soul,2010,12800,
 Ford,0,Explorer,2004,11900,
 Chevrolet,180,Sail,2012,10300,
 Chevrolet,94,Aveo,2011,11000,
 Toyota,0,Otros Modelos,2010,1,
 Mitsubishi montero,181,Gls 2004,2004,10900,
 Chevrolet,159,Grand Vitara STD TM,2013,12800,
 Toyota,250,Rav 4x4,2001,9300,
 Chevrolet,115,Emotion,2016,12800,
 BMW,176,318,1999,10500,
 Hyundai,250,Terracan,2006,9700,
 Kia,332,Sportage,2003,7600,
 Hyundai,114,Tuscson,2008,12500,
 Chevrolet,197,AVEO EMOTION,2008,8700,
 Chevrolet,474,Trooper,1989,5800,
 Chevrolet,198,Mini Blazer,2002,6500,
 Haval,18,H6,2019,28500,
 Ford,118,Explorer,2012,29800,
 Suzuki,94,Grand Vitara SZ,2017,19000,
 Toyota,180,Hilux,2012,26000,
 Great Wall,20,H3 AC. 2.0 5P 4x2 TM,2018,20000,
 Peugeot,245,206,2006,5700,
 Kia sportage active,167,2011,2011,12600,
 Toyota,332,Toyota,1999,9800,
 Honda,100,Civic,1985,3600,
 Ford,162,Explorer,2012,26500,
 Kia,179,Sportage,2013,15000,
 Kia,179,Sportage,2013,14500,
 Chevrolet,96,Dmax-3.0 4x2,2017,24800,
 Chevrolet,165,Spark,2012,6300,
 Volkswagen amarot,227,Volkswagen amarot,2011,17800,
 Ford,36,Edge sel,2017,41500,
 Great Wall,90,Wingle 5,2019,17000,
 Chevrolet,3,Corsa swin 2003,2003,5200,
 Ford 150,255,150,2010,16500,
 Toyota,60,Corolla,1999,6000,
 Dodge,140,98 Americana,1998,7000,
 Chevrolet,105,Sz next,2015,16300,
 Chevrolet aveo,150,Activo,2011,9500,
 Chery,68,Fulwin 2,2016,11000,
 Nissan,26,Almera,2010,12000,
 Ford,326,Ranger,2002,10000,
 Chevrolet,170,VAN N200 PASAJEROS,2011,8500,
 Chevrolet,190,Gran Vitara,2009,12500,
 Chrevrolet aveo,213,Aveo 1.6 color verde,2009,8700,
 Ford,45,Edge,2018,38000,
 Chevrolet,2,2011,2011,6800,
 Nissan,65,Tiida,2015,13500,
 Hyundai Accent 2011,258,v1.6 accent,2011,8500,
 Chevrolet,100,Sail y aveo Emotion,2016,23000,
 BYD,103,F0,2012,6800,
 Chevrolet forza,320,Forza 2,1997,5450,
 Chevrolet,70,Sail Sedan,2017,11800,
 Suzuki,126,Gran vitara,2011,13200,
 Zotye,135,XS 6400,2013,8900,
 Nissan,650,1980,1980,5500,
 Hyundai,50,Creta 2018,2018,19500,
 Chevrolet,196,Aveo activo,2010,8200,
 Hyundai,74,Tucson,2010,14700,
 Fiat,166,Adventure Idea,2007,9200,
 Toyota,185,Fortuner,2007,22500,
 Chevrolet sz,185,2010,2010,12000,
 Kia,1,Rio 2020,2020,18500,
 Volkswagen,12,Jetta,2006,8000,
 Kia,52,Sportage,2016,20000,
 Chevrolet,168,2011,2011,11500,
 Chevrolet,370,Emotion,2015,14500,
 Chevrolet,273,Grand Vitara,2003,10200,
 mazda 3,245,2007 full sport,2007,10600,
 Volkswagen,152,Gol,2012,11000,
 Chevrolet,1,Swift Emotion,1997,5400,
 Changan,10,CS 35,2019,20000,
 Toyota Hilux,166,2012,2012,22000,
 Nissan,64,Xtrail Advance 2016,2016,29500,
 Kia,170,Sportage,2011,13000,
 Kia,171,Sportage R,2012,18500,
 Chevrolet,300,Zafira,2005,12000,
 Hyundai,153,Tucson Ix,2011,17000,
 Hyundai,105,Sonata 2016,2016,18500,
 Kia sportage,50,Sportage,2016,17777,
 Chevrolet,200,Orlando 2015,2015,18600,
 Skoda,130,Fabia GTI,2014,13000,
 Kia,280,Sportage,2002,7300,
 Mazda,376,Alegro,2001,5800,
 Kia,228,Rio Xcite,2012,11500,
 Volkswagen gol 1.8,100,Volkswagen gol 1.8,2002,5600,
 Chery,59,Tiggo,2017,14000,
 Santa Fe,201,2006,2006,10000,
 Renault,215,Clio,2005,6800,
 Kia,218,CERATO FORTE,2016,15500,
 Volkswagen,203,Gol,2007,7600,
 Chevrolet,40,Esteem,1998,6500,
 Toyota,185,Corolla 1.6,2009,12000,
 Toyota,213,RAV4,2004,12000,
 Kia,112,Río Stylus,2013,8500,
 Hyundai,125,"accent full 1,6",2014,12800,
 Kia,269,Pregio,2014,35800,
 Wolsvagen,300,Gol,2002,6300,
 Chevrolet,100,Sail,2015,11000,
 Kia,63,Sportage R,2014,20000,
 Renault Sandero,150,Dinamic,2011,9500,
 Nissan,14,Versa,2014,13700,
 Daihatsu,1,Delta con volteo,1982,9000,
 Renault,220,Logan,2007,7400,
 Ford,367,Ecosport,2004,8300,
 Chevrolet,68,N300 pasajeros,2015,12000,
 Renault Duster,116,Duster 2017,2017,15200,
 Ford,137,Ecosport,2014,16000,
 Kia,230,Pregio,2010,26000,
 Kia,130,Grand Carnival,2009,14900,
 Chevrolet,62,Captiva Sport,2014,16000,
 Aveo activo 1600,10,2009,2009,7400,
 Kia,270,2001,2001,7300,
 Toyota,126,2013,2013,22900,
 Nissan Tiida 2012,385,Tiida,2012,20500,
 Chevrolet,193,Lumina,1992,6500,
 Chevrolet SZ,41,2018,2018,21800,
 Mitsubishi,234,Mirage 2.0,1993,5300,
 Chevrolet,251,Corsa,2002,6000,
 Nissan,225,Tiida,2012,10500,
 Nissan,225,Sentra,2004,7000,
 Nissan,61,Tiida,2015,14500,
 Hyundai,46,Ioniq,2017,19500,
 Volkswagen,63,Jetta,2016,17800,
 Ford,232,Ecosport,2007,11500,
 Hyundai,195,Santa Fe,2008,17500,
 Mitsubishi L200,11,L 200 2006,2006,12750,
 Hyundai getz,75,2011,2011,10500,
 FORD EXPLORER,130,EXPLORER 2009,2009,16800,
 Honda,257,CR-V,2007,13000,
 Mazda,90,BT-50,2014,12500,
 Ford fiesta,111,Fiesta,1996,2800,
 Kia,130,Gran carnival,2015,19000,
 Chevrolec,292,Aveo family,2013,8200,
 Toyota,97,Hilux,1997,53285,
 BMW,96,X3 E83,2007,22900,
 Kia picanto,111,Kia,2012,9100,
 Chevrolet,245,Corsa Evolution 1.8,2004,7500,
 Hyundai,85,Tucson IX,2015,21500,
 QMC,250,Cronos 4.5 toneladas,2007,7500,
 Skoda,191,Fabia 1.4,2008,6900,
 Volkswagen,243,Gol,2007,7200,
 Mazda,16,3,2019,23800,
 Mitsubishi,999,Montero,1986,5300,
 Volvo,4,740,1986,4000,
 Chevrolet Optra,198,Optra,2005,7600,
 Kia sportage,174,Active,2011,12800,
 Skoda,300,Fabia,2006,5500,
 Suzuki,150,SZ,2010,11000,
 Kia rio staylus,166,Rio,2013,9300,
 Renault,198,Logan semi full,2010,7000,
 Wuling,300,2008,2008,7000,
 Chevrolet,200,Aveo,1977,5000,
 Renault,270,2004,2004,5500,
 Chevrolet luv 97,280,Chevrolet luv,1997,7650,
 Kia,40,Niro,2018,20500,
 Fiat,180,Fiorino,2008,8000,
 Ford Ranger,300,Camioneta,1994,6000,
 Toda marca,40,Diversos,2020,13500,
 Chevrolet optra,200,Optra,2006,7299,
 Chevrolet,679,Chevy,2010,6000,
 Chevrolet,55,GRAND VITARA 5P,2015,16800,
 Chevrolet Luv 4x4,246,Luv 4x4,2004,11200,
 Chevrolet,14,Aveo Emotion 2016,2016,13600,
 Ford,208,Explorer,2003,10500,
 Chevrolet,100,SUZUKI FORZA 2,1996,4900,
 Chevrolet,144,Grand Vitara,2012,12800,
 Toyota hilux,231,Hilux2.7,2007,14800,
 Chevrolet,245,Optra 1.8 limited,2007,8300,
 Ford,1,Ecosport,2006,8800,
 BMW,190,e36 325i,1992,8700,
 grand vitara Sz next,80,2016,2016,14900,
 Chevrolet,144,Sail LTZ FULL,2014,9800,
 Chery,84,Tiggo 3,2015,11300,
 Suzuki Forsa 1,11,89,1989,3700,
 Chevrolet,170,Grand Vitara SZ,2014,14000,
 Renolt logan,131,Familier,2014,8300,
 Ford,65,Escape,2014,22200,
 Volvo,100,XC90,2005,25700,
 Ford Ranger,46,Ranger XLT,1994,6800,
 Chevrolet,292,Corsa evolution 1.4,2007,7500,
 Mazda,190,Camioneta,2003,12000,
 Hyundai santa Fe,100,Santa Fe,2005,11500,
 Chevrolet,158,LUV D-MAX,2010,1,
 Honda,1,CR-V,2004,9000,
 Chevrolet,165,Aveo activo,2011,9200,
 Kia pregio,551,Pregio,2005,10000,
 Great wall m 4,80,M 4,2015,9999,
 Mazda,1,3,2006,10000,
 Chevrolet,206,Zafira,2003,7500,
 Hyundai,29,Grand i10,2020,13500,
 Kia cerato,54,Cerato,2016,14600,
 Mitsubishi,33,Canter 3.5,2007,13000,
 Kia Sportage,79,Sportage,2014,14300,
 Nissan,143,Versa,2014,12500,
 Nissan,26,Sedan,2019,18000,
 Chevrolet,130,Grand Vitara 2.0L 5P,2011,14000,
 Ford,207,Explorer,2008,15800,
 Chevrolet,38,Aveo,2019,12500,
 Greatwall h6,94,H6,2018,15900,
 Chevrolet,141,Aveo activo,2010,8500,
 Chevrolet,113,Gran vitara,2011,13000,
 Renault,150,Megane,2006,6500,
 Hyundai,47,sedan,2019,12500,
 Nissan,142,Versa,2013,12700,
 Suzuki,104,vitara sz next,2015,16900,
 Chevrolet,180,Aveo,2016,12000,
 Hyundai,2,ACCENT 1.6 4P 4x2 TM,2019,18200,
 Suzuki sz,35,24,2017,19000,
 Nissan,55,Kicks,2018,27000,
 Chevrolet,252,Optra,2008,8000,
 Volkswagen,278,Gol 2001,2001,5800,
 vw,56,Jetta Trendline,2015,17500,
 Mazda,200,Sport,2007,9000,
 Chevrolet,30,Cavalier,2019,16300,
 Mazda,11,BT-50,2020,27000,
 Hyundai,156,Elantra,2014,13800,
 Chevrolet luv,300,Cabina sencilla,1994,7200,
 Lifan,85,X50,2016,10800,
 Volkswagen golf spor,245,Gol sport,2002,5600,
 Hyundai,29,Sonata,2019,26500,
 Kia,176,Sportage,2011,14000,
 Chevrolet,196,Grand Vitara,2012,14500,
 Volkswagen,164,Gol,2008,8200,
 Chevrolet,180,Aveo,2011,8000,
 Mazda,227,Modelo 2007,2007,12500,
 Ford,175,Explorer,2009,16500,
 Chevrolet,257,LUV D-MAX,2012,15000,
 Chevrolet,201,Aveo family,2011,9000,
 Toyota,65,Fortuner,2019,42000,
 Hyundai,195,Tucson ix 2012,2012,17200,
 Hyundai,350,Accent,1998,5200,
 RENAULT SANDERO 2012,250,RENAULT SANDERO,2012,8000,
 Haval,25,M 4,2019,14000,
 Chevrolet,145,Vitara clasico,2011,10500,
 Volkswagen,2,Gol 2004,2004,6500,
 Chevrolet,201,Sail,2012,9500,
 Toyota,120,2006,2006,13500,
 Ford,121,Escape,2014,17000,
 Chevrolet,5,Sail LS AC 1.5,2020,16500,
 Chevrolet,160,Aveo activo,2011,9500,
 CHEVROLET Spark life,100,Automóvil,2017,8600,
 Chevrolet,218,AVEO EMOTION,2008,8000,
 Grand Vitara SZ Next,98,24,2015,17200,
 Volkswagen,251,Polo,2003,6500,
 Datsun,1,72,1972,4800,
 Nissan,110,X-Trail 4x4,2014,18500,
 Chevrolet,170,Sail,2013,9500,
 Mazda,9,CX-3,2018,27000,
 Mitsubishi,1,Montero,1992,6700,
 CHEVROLET VIVANT,234,Vivant,2007,9000,
 Great Wall,13,Volex C30,2019,13500,
 Chevrolet,65,AVEO EMOTION,2017,14000,
 Kia,36,Rio,2019,16000,
 Hyundai,88,Creta,2017,19500,
 Chevrolet,88,AVEO EMOTION,2016,12500,
 Chevrolet,605,Emotion,2010,6700,
 Chevrolet,26,Suzuki Grand Vitara,2018,20000,
 Chevrolet,280,Dmax 3.5,2007,15000,
 jeep compass,79,2014,2014,20000,
 Nissan sentra,334,sentra 1.6,2010,6900,
 Ford,76,Ecosport,2009,11000,
 CSpark flamante,71,Spark life,2017,7900,
 Mazda Bt50,269,2.5 diésel,2010,17000,
 Chevrolet,172,Sail,2013,9800,
 Chevrolet,108,AVEO EMOTION,2015,12400,
 Hyundai,527,EXCEL LS,1994,3800,
 Great Wall,120,Great Wall H5 4x4,2019,22000,
 Renault,318,Clio,2004,5800,
 Hyundai hd72,195,Frenos de aire full,2009,42000,
 Mazda,280,ALLEGRO,2006,10000,
 Suzuki,38,Forza,1990,4500,
 Kia,52,Picanto 2019,2019,13000,
 Great wall wingle,122,Wingle,2014,14600,
 Hyundai accent,120,Accent,2018,38000,
 Chevrolet,115,Vivant,2008,8000,
 Faw,1,X40,2020,18990,
 Kia K2700 año 2013,240,Kia K2700 2013,2013,12500,
 Kia,14,Kia Rio R,2014,12800,
 Chevrolet,230,GT 3 puertas,2006,7000,
 Chevrolet,130,AVEO EMOTION,2017,12000,
 Kia,36,Rio R LX AC 1.4 4X2,2015,14000,
 CHEVROLET SAIL,130,Sail,2016,12000,
 Hyundai,40,Accent,2019,20000,
 Chevrolet,269,Aveo Family,2013,25000,
 Ford,225,Escape 2.5,2013,15000,
 Chevrolet,228,Grand vitara 3p,2001,9500,
 Volkswagen,23,Polo,2018,16300,
 Volkswagen,23,Polo,2018,16300,
 Kia Sportage R,120,2012,2012,18500,
 Chevrolet captiva,53,Captiva 2017,2017,26000,
 Chevrolet sail,170,Sail 2012,2012,9200,
 Chevrolet,235,Rodeo,2002,9000,
 Hyundai,220,Atos,2007,7000,
 Chevrolet,73,Sail 2016,2016,12500,
 Hyundai,198,Santa Fe,2008,16000,
 Kia cerato forte,169,CERATO FORTE,2011,11000,
 Hyundai Elantra,232,Elantra,2008,12250,
 Nissan,130,Versa,2014,11900,
 Chevrolet,600,Chevitaxi sedan,2012,12000,
 Kia rio 2018,110,Rio,2018,15800,
 Ford,179,Scape,2010,15800,
 Renault,190,Logan Dynamique,2011,8000,
 Chevrolet,6,Grand Vitara SZ,2019,20900,
 Chevrolet,16,Spark,2019,10000,
 Chevrolet,234,Aveo activo 1.4,2008,6400,
 Nissan,1,Tiida,2012,9500,
 Ford f150 precio neg,160,2010,2010,19500,
 Chevrolet,102,Sail,2016,9000,
 Hyundai,22,Ioniq,2018,19500,
 Chevrolet sail,131,Sail,2013,10800,
 Nissan,1,Sentra,2010,21000,
 Kia,200,Sportage Active,2012,15500,
 Volkswagen,176,Gol,2011,9800,
 Chevrolet,280,Aveo,2007,6500,
 Chevrolet,20,Sail,2019,13500,
 Chevrolet,115,Sail,2013,9500,
 Suzuki,140,Vitara,2010,13500,
 Toyota hilux sr5,492,2003,2003,12800,
 Chevrolet,265,D-Max,2007,13800,
 DATSUN 1200,85,1982,1982,6000,
 Toyota,280,Hilux SR 4x4 -2010,2010,22000,
 Dodge,230,Dakota,1997,5950,
 Ford,286,Explorer,2002,9800,
 Ford courier,66,Courier,1978,3100,
 Chevrolet,409,LUV D-MAX,2008,13500,
 Kia Sportage GT,80,2017,2017,23500,
 Mazda,101,BT-50,2013,15800,
 Mitsubishi,300,L200,1994,6700,
 Chevrolet aveo,68,Aveo family,2015,10600,
 Ford,235,Fiesta,2002,4300,
 Toyota Hiace 2008,475,Hiace,2008,20000,
 Renault,251,LOGAN DYNAMIQUE,2012,8000,
 Hyundai,1,Accent,2011,35000,
 Kia,185,Picanto,2010,6800,
 VW GOL,264,2001,2001,5800,
 Mazda 626,142,626 lx,1993,6800,
 Peugeot,145,206,2006,5500,
 Ford,49,Edge,2018,42000,
 Chevrolet,89,Aveo Family,2013,10000,
 Mazda,168,Mazda BT50,2013,16500,
 Mazda,70,BT-50,2018,25000,
 Chevrolet,186,D-Max,2010,14800,
 Chevrolet Aveo,1,Aveo Activo 2012,2012,9800,
 Chevrolet,164,Aveo,2013,7800,
 Skoda,250,Fabia,2006,7500,
 Chevrolet,350,C/d 2005,2005,11100,
 Volkswagen,20,Escarabajo,1968,3500,
 Mazda bt50,500,Bt50 4x4 a Gasolina,2000,16000,
 Chevrolet,122,Spark life,2016,7000,
 Foton gratour modelo,2,Gratour Bj6455,2020,13200,
 Kia Niro,46,Niro Hibrido,2018,20300,
 Honda civic,250,Civic,1993,7500,
 Chevrolet,85,Sail,2012,8000,
 Hyundai matrix,2006,Puerta trasera,2006,1,
 Chevrolet,216,Aveo Activo,2009,7000,
 Dodge ram Lara 2500,59,Camioneta,2017,68000,
 Mazda,215,2.2,2007,12000,
 Kia,10,Rio,2020,16500,
 Volkswagen,259,Gol GT 1.8,2003,5400,
 Chevrolet cavallier,300,Año 98,1998,4800,
 Ford,260,Explorer,2008,15500,
 Mazda,112,2014,2014,17200,
 Haval,15,All new Haval H6 2.0,2019,30500,
 Hyundai,211,2010,2010,13200,
 Toyota Corolla,280,Toyota Corolla,2005,10800,
 Chevrolet,123,Aveo,2017,11000,
 Kia,188,Sorento,2005,9000,
 Peugeot,165,Berlina 307,2007,8600,
 Chevrolet spark,200,2010,2010,6500,
 Mazda,190,Mazda 3,2006,9700,
 Suzuki,149,Suzuki Gran Vitara,2010,14000,
 Mitsubishi,207,Lancer,2004,7500,
 Chevrolet,240,Evolucion,2005,7400,
 Mitsubishi,380,Montero,1998,8900,
 Hyundai elantra,234,Elantra,2011,10500,
 Nissan,117,Xtrail Extreme 2.5,2014,18400,
 Nissan,188,Almera,2007,8300,
 Chevrolet,180,Cruze,2012,12500,
 Great Wall,34,M 4,2018,14000,
 Kia,179,staylus 2103,2013,7800,
 Kia,85,Sportage R,2011,18000,
 BMW,185,X3,2007,19900,
 Hyundai,100,Tucson,2013,19999,
 1992,1,Estout,1992,11500,
 Volkswagen,6,Golf,1995,4500,
 Toyota,105,4Runner limited,2012,40500,
 Mercedes-Benz,592,2648,2005,39500,
 Hyundai getz,200,2009,2009,7700,
 Hyundai,117,Vera Cruz,2012,17500,
 Chevrolet,120,Optra,2012,11000,
 Chevrolet,145,Sail 1.5,2013,10600,
 Suzuki Gran vitaraSZ,64,Jeep,2017,17600,
 Great Wall,151,Haval H3,2013,12000,
 Mazda,150,BT-50,2010,12000,
 Renault,116,Sandero,2012,9200,
 Chevrolet,219,Corsa Evolution,2006,6800,
 Zotye,4,Z100,2019,9400,
 Volkswagen Jetta,185,Jetta 2011,2011,10500,
 Chevrolet,191,D-Max,2010,15500,
 kia Sportage active,146,Sportage,2012,14000,
 Hyundai,87,Santa Fe,2015,24290,
 Chevrolet,150,Swift 1300,2004,7000,
 Toyota,1,Tercel,1995,7000,
 Kia carens,266,2005,2005,9800,
 Chevrolet,290,Vivant,2007,8200,
 Chevrolet,22,Gran Vitara SZ FULL,2018,19500,
 Chevroler,250,Famili,2015,9500,
 Chevrolet,110,Aveo family,2013,11000,
 SUZUKI FORZA UNO,1,Forza uno,1990,5000,
 Chevrolet,101,Aveo Family 2014,2014,10900,
 Hyundai,120,Tucson,2012,17500,
 Volvo 460,250,460,1995,5000,
 Ford Fiesta,166,Fiesta,2007,10600,
 Suzuki forsa 2 Gquil,60,Forsa 2,1991,5000,
 Chevrolet,93,Sail,2013,9500,
 Chevrolet,127,Grand Vitara 3p,2007,12800,
 Chevrolet,132,Grand Vitara 5p,2010,12500,
 Chevrolet luv,10,v6,1999,8500,
 Kia,89,Rio,2015,13700,
 Renault,315,Logan 1.4 family 4p,2012,7500,
 Chevrolet,94,Aveo family 1.5,2013,10300,
 Kia,32,Rio,2019,17500,
 Chevrolet,240,Sail 2014,2014,9800,
 Chevrolet aveo,87,2019,2019,12200,
 Kia,120,Rio,2013,9000,
 JAC,58,Jac 2017,2017,14500,
 Kia,102,Picanto,2010,8500,
 Hyundai Tucson,155,Tucson,2010,12799,
 Nissan,80,Nissan Sentra,2014,13500,
 Toyota,120,Hilux,2012,21800,
 Auto great wall,43,Modelo C30,2018,13600,
 Chevrolet,259,Trooper wagon,1994,8000,
 Chevrolet,674,Aveo family,2008,7650,
 Hyundai,135,Tucson ix,2012,18500,
 Chevrolet,102,Aveo Family,2013,10200,
 Renault,176,Logan,2006,5900,
 Kia Picanto,240,Picanto,2009,6500,
 Dongfeng,78,Minibus,2015,10500,
 Chevrolet,1,1999,1999,9500,
 Nisan 180,100,Nissan,1972,80,
 Chevrolet,400,Sail,2013,20000,
 Suzuki,195,Forza 1,1989,6200,
 Chevrolet,209,Sail,2012,11800,
 Mitsubishi,53,ASX,2011,18500,
 Chevette,1,San remo,1996,3500,
 Kia cerato,24,Sedal,2018,18200,
 DFSK,75,2016,2016,10500,
 Chevrolet,48,Spark GT,2018,11000,
 Chevrolet,144,2013,2013,11200,
 Camioneta FUDY,210,Doble Cabina,2008,10000,
 Toyota,10,Stop,1977,2700,
 Kia,213,Rondo CRDI,2009,11200,
 AVEO FAMILY,22,Family,2019,13200,
 Foton,51,CS2 Hiace,2019,45000,
 Chevrolet,60,2017,2017,12490,
 peogeot,235,verlina 206,2006,6500,
 Chevrolet,196,2009,2009,12200,
 Aveo,250,Famili,2013,7200,
 Honda,1,Civic,1974,4500,
 Chevrolet,220,GRAND VITARA 4X4,2007,11500,
 Ford,25,Escape,2018,28000,
 Lifan,174,Seasion o LF6420,2015,10200,
 Toyota,54,Fortuner,2017,43000,
 Chevrolet,135,Grand Vitara,2013,12000,
 Chevrolet Aveo famil,118,Aveo family,2012,9000,
 Corsa evolution 1.4,140,Sedan,2006,6800,
 Kia,154,Picanto,2011,7500,
 Mazda,1,4x4 2007,2007,14500,
 Kia,106,K3000S,2015,17000,
 Nissan,158,Sentra Sport 2.0,2012,12500,
 zuzuki,207,grand vitara sz,2010,11800,
 Great Wall,51,H3,2018,19000,
 Reparación y Mant.,1,Aros/Rines,2012,1,
 Nissan,60,Tiida,2015,13000,
 LUV DMAX 2016,1,DMAX 4x4,2016,1200,
 Peugeot,300,Verlina 307,2007,7500,
 Mercedes-Benz,162,Sedan C240,2001,15000,
 Hiunday,999,Accent,2007,8800,
 Ford,120,Escape,2014,20500,
 Honda,186,2006,2006,14000,
 Peugeot,30,208,2020,19000,
 Renault,220,Clio,2006,6800,
 Chevrolet,215,Sail,2012,7900,
 Honda,200,CR-V,2008,15000,
 Chevrolet,38,Aveo Family,2019,12700,
 Chevrolet,266,Grand Vitara,2001,9800,
 Hyundai,600,Accent,2011,23999,
 Hyumday H100,299,H100,2004,9500,
 Great Wall,103,2012,2012,12500,
 Dodge,97,Journey,2015,21500,
 Chevrolet,219,LUV,2005,9500,
 Peugeot 407,183,Peugeot 407,2006,9800,
 Kia,204,Carens 2002,2002,6000,
 Chevrolet,140,Corsa Evolution,2003,6500,
 Hiunday,31,Sonata,2016,14700,
 Nissan,56,Tiida,2015,13000,
 Chevrolet,24,Aveo Family,2019,12500,
 Volkswagen,243,Gol,2003,5500,
 Chevrolet,160,Grand Vitara 3p,2004,10800,
 Chevrolet,132,Orlando LT,2014,17550,
 Ford,146,Ranger,2009,17500,
 Kia,41,Niro,2019,22500,
 Chevrolet,103,Sail,2012,9800,
 Renault,39,Sandero,2019,13500,
 Gran Vitara,180,XL7,2007,11500,
 Nissan,61,Versa,2014,13500,
 Chevrolet,1,Van N300,2015,9000,
 Hyundai,144,Tiburón (tuscani),2006,12500,
 Hyundai,43,Santa Fe,2018,33900,
 Hyundai,224,Santa Fe,2005,9800,
 Chery Tiggo 1.6,200,2017,2017,13000,
 Chevrolet,12,Sail LS 1.5 4P TM,2018,14500,
 Renault,135,Duster 2.0,2013,14000,
 Chevrolet,11,Evolution 1.4,2007,7000,
 Kia,80,CERATO FORTE,2015,13900,
 Chevrolet,138,Sail 2015,2015,11500,
 Hyunday,600,Accent,2011,24000,
 Hyundai,64,Elantra,2014,16000,
 Kia rio stylus,440,2013,2013,38000,
 Hyundai,200,H1,2012,20500,
 Ford,170,Escape,2012,17000,
 CHEVROLET A/C,141,SPARK A/C,2013,7500,
 Chevrolet Optra full,256,Optra,2006,8550,
 Ford,40,Focus,2015,17000,
 Chevrolet Aveo Famil,171,Aveo,2011,8500,
 Chevrolet,56,Grand Vitara,2018,19000,
 Vendo inyectores vw,100,Amarok,2011,10,
 Hyundai,112,i10,2012,8990,
 Chevrolet,200,Aveo,2006,8300,
 Nissan,200,Sentra,2009,280,
 Chevrolet,141,Sail,2013,9000,
 Chevrolet,120,Alto,2014,15800,
 Chevrolet,322,Corsa,2003,6300,
 Hyundai,166,Otros Modelos,2004,8000,
 Chevrolet,101,Aveo emotion GLS,2015,12300,
 Kia,104,STYLUS LS,2013,10300,
 Kia,83,Picanto,2009,7300,
 Chevrolet,100,D-Max,2015,83,
 Hyundai,134,Veloster,2013,15000,
 Wolkswagen gol,295,Gol,2002,7000,
 Kia,400,K 2700,2002,8200,
 Ford,228,Econ,1983,6500,
 Honda,240,Integra,1995,7500,
 Tata,182,Xenón,2014,20000,
 Chevrolet,108,Spark,2015,9500,
 Mitsubishi,1,Montero,1995,7000,
 Volkswagen,208,Crossfox,2009,9500,
 Ford,20,Ranger 3.2,2020,40000,
 Chevrolet,205,Vitara,2010,10000,
 Fiat,999,Fiat,1993,1500,
 Nissan,300,Pick Up,1993,3300,
 Fiat,250,Premio,1992,3300,
 Kia,270,Sportage,2003,6900,
 Peugeot,12,301,2019,15700,
 Mitsubishi,1,Lancer,1994,5200,
 Chebrolet,85,Sail 2019,2019,12500,
 Chevrolet,130,Aveo activo,2012,10300,
 Hyundai,87,Santa Fe,2015,26990,
 Datsun,1,1500,1975,3300,
 Volkswagen,142,Gol 1.6,2012,9400,
 Hyundai,354,Terracan,2001,8000,
 Mazda,245,ALLEGRO,2008,8300,
 Renault,140,sandero dynamique,2010,8500,
 Cinascar,55,Practivan 2018,2018,10780,
 Chevrolet Dimax,192,2009,2009,14500,
 Volkswagen,118,VOLKSWAGEN GOL,2011,9500,
 Ford,200,Escape Híbrido,2010,16000,
 Suzuki,111,forza 2,1992,4900,
 Suzuki Scross 2x4,60,Suv,2019,21200,
 Kia,204,Sorento,2006,14000,
 Chevrolet Sail,120,Sail,2014,8700,
 Hyundai,53,IONIQ 2017,2017,17000,
 Volkswagen,135,Gol,1995,3500,
 Chevrolet,130,Sail,2013,9300,
 Chevrolet,204,Aveo Activo 1.4,2008,8000,
 Chevrolet,137,GRAN VITARA,2011,11600,
 Nissan,129,SRV,2010,10500,
 Nissan,10,Pathfinder,1996,11500,
 Toyota yaris 2018,42,Yaris 2018,2018,17900,
 Volkswagen,35,Polo,2018,16500,
 Sz,186,Suzuki,2009,12200,
 BMW,1,Serie 3,1983,7500,
 Chevrolet,121,Spark,2009,7200,
 Peugeot,15,207 Compac,2011,6500,
 Chevrolet,11,Beat premier,2020,14000,
 Chevrolet,112,Aveo family 2016,2016,9700,
 Chevrolet,507,Trooper,1984,4000,
 Hiunday tucson,147,Tucson,2006,10600,
 Chevrolet,72,FAMILY 2015,2015,10500,
 Kia Rio 5,30,Rio 5,2020,16500,
 Toyota,17,Fortuner,2016,40000,
 Chevrolet,390,Spark lt,2010,7000,
 Chevrlolet,127,Spark,2012,6990,
 Kia,1,Sportage,2011,17000,
 Mazda BT50,297,BT50 2600,2010,13000,
 Hino,372,2013,2013,65000,
 Chevrolet,160,3 puertas,2010,11850,
 Chevrolet,100,Varios,2020,1,
 Chery,18,Tiggo 2 confor,2020,14900,
 Chevrolet,43,Spark GT,2018,11500,
 Hyundai Accent,250,Accent,2012,12000,
 Chevrolet,198,Spark,2007,6100,
 Chevrolet,52,Dmax 4x4 CRD 3.0,2019,33500,
 Toyota,300,Corolla 1.8 T/A,2006,7200,
 Chevrolet,11,Mini bleazer,1994,5500,
 Chevrolet,115,Dmax 2016 2.0 4x2,2016,21500,
 Chevrolet,51,Sail,2018,14000,
 Hyundai,104,Elantra,2014,14500,
 Fiat,200,Fiorino,2005,7500,
 Zastava,400,1100,1978,650,
 Chevrolet,593,Corsa evolucion 1.4,2006,5500,
 Ford,219,150,2010,16500,
 Chevrolet,250,D-Max,2016,1111,
 Hyundai,26,Grand i10,2018,11900,
 Susuki,155,Grand Vitara Sz,2008,11500,
 Mazda,96,BT50 DIESEL 4X4,2015,26000,
 Wolsvagen,35,Amarok 2018,2018,29999,
 Volkswagen,188,Gol,2011,8900,
 Corsa,125,1.4,2005,7300,
 Mazda,75,BT-50,2016,20000,
 Chevrolet,85,Sail,2016,10500,
 Chevrolet,160,D-Max,2013,16200,
 Kia,118,Sportage,2013,14500,
 Chevrolet,165,Aveo emotion 2016,2016,12000,
 Ford,144,XLT 2005,2005,13500,
 Chevrolet,123,Emotion,2014,11800,
 Hyundai,27,creta 2019,2019,22000,
 Grat Wall,95,H5 turbo,2015,14500,
 Hyundai,400,H1,2011,22,
 aveo activo,380,2008,2008,12000,
 Chevrolet,52,Active,2011,10500,
 Toyota Hilux,1,Hilux,2012,1,
 Chevrolet,55,D-Max,2018,28000,
 Ford,382,Ranger,1994,6800,
 Chevrolet,119,Aveo family,2013,8900,
 kia rio taxi,245,rio r,2015,17000,
 Chevrolet,278,Optra,2006,8000,
 Mitsubishi,15,Montero,2004,15000,
 Chevrolet,55,Spark,2017,9500,
 Hyundai,293,Tucson,2005,8000,
 Chevrolet,155,Dmax 4x2,2008,13500,
 Nissan sentra,190,Año 2006,2006,7900,
 Chevrolet,145,NLR 2015,2015,19100,
 Mitsubishi,415,Galant,1997,7400,
 Chevrolet,250,Optra,2007,7300,
 Mazda,1,BT-50,2010,1,
 Chevrolet,298,corsa wind,1997,4900,
 Mazda,200,BT-50,2009,16000,
 Hyunday,100,Atos,2000,4500,
 Mazda,170,3,2007,10000,
 Nissan,230,Sentra,2003,7200,
 Kia Rio,35,2018,2018,15600,
 Mitsubishi,295,Montero,2003,13500,
 Chevrolet,90,LuvDMAX 4X2,2011,15000,
 Mazda,260,Bt50 2200,2014,14000,
 Kia,180,Sportage Active,2013,15500,
 Chevrolet,220,Spark,2009,6500,
 Hunday,99,TUCSON iX,2011,20000,
 Hyundai,345,Accent,2001,7700,
 Kia,33,sportage SL 2019,2019,24000,
 Kia,111,Picanto R,2015,9500,
 Chevrolet,140,Optra,2012,11300,
 Renault logan,166,Logan Familia,2011,7300,
 Blazer k5,4,1978,1978,600,
 D-Max,183,2008,2008,14000,
 Toyota,133,Fortuner,2013,29000,
 Citroen C3,68,C3,2018,18800,
 Hyundai,240,Elantra,2008,11200,
 Fiat,1,Premio año 93,1993,3500,
 Ford,111,BOSCH,2020,45,
 Chevrolet,430,aveo Family,2011,20000,
 Kia,20,Rio,2019,18800,
 Honda Civic,164,Sedan,2010,14000,
 Honda,1,Civic,1993,5500,
 Kia,73,Picanto,2018,12900,
 Nissan,230,Maxima,2003,11500,
 Nissan,20,Qashqai,2020,28500,
 Great Wall,150,M 4,2015,11300,
 Greatwall C30,25,Modelo C30,2018,15000,
 Mazda,1,BT-50,2012,1,
 Hyundai,182,Santa Fe,2011,15900,
 GMC,189,denali crewcab 4x4,2010,26000,
 Nissan,378,Sentra,2002,6500,
 Ford,11,EXPLORER 4×2 XLT,1998,7700,
 Nissan Versa,25,Versa,2019,17000,
 Hyundai,302,Santa Fe,2002,12000,
 Kia,105,Sportage R,2016,21000,
 Chevrolet,1,Aveo Family,2011,8500,
 Chevrolet,400,AVEO ACTIVO 2008,2008,6700,
 Sail 2018,75,Chevrolet,2018,13500,
 Chevrolet,1,Blazer,1995,5500,
 Chery,30,Tiggo 4,2019,18700,
 Nissan sentra,360,2012,2012,12000,
 Renault,230,Clio,2005,6900,
 Cherry,57,2018,2018,10500,
 Chevrolet spark gt,83,spark gt full,2018,11300,
 Mazda,221,BT 50CD STD FL 2.2,2013,15500,
 Chevrolet,170,Sail,2014,10500,
 Mitsubishi,170,Montero,2009,34500,
" Volkswagen gol 1,6",350,Modelo 1999,1999,5300,
 Volkswagen,76,Passat,2016,25000,
 Toyota,180,Corolla,2009,13600,
 Vitara,123,2010,2010,450,
 Renault,183,Logan 1.6,2012,8500,
 FREICHLINER,99,M2112,2006,43000,
 Chevrolet,95,Family,2016,22900,
 Volkswagen,345,1999,1999,5100,
 Kia,15,Soluto,2020,16000,
 Kia,192,Sportage Active,2011,13400,
 Great Wall,51,M 4,2018,13000,
 Toyota,79,2013,2013,30000,
 Chevrolet,52,Sail,2018,16000,
 Chevrolet,106,Sail 1 million,2015,11500,
 Susuki,314,Forza 2,1992,4500,
 Toyota,999,1000,1972,2500,
 Hyundai,453,Terracan,2005,12000,
 Chevrolet,68,Sail,2017,12600,
 Toyota,148,RAV4,2006,13500,
 Toyota,79,Yaris Sedán,2010,11990,
 Kia,161,Cerato,2011,12600,
 Ford,82,Fusion,2014,19000,
 Hyundai,142,Accent,2009,11500,
 Ford,90,F-150,2011,17200,
 Chevrolet,160,AVEO EMOTION,2015,12900,
 Renault,183,Sandero dynamic,2012,9000,
 Volkswagen escarabaj,500,Escarabajo 1966,1966,5500,
 TOYOTA FORTUNER,290,Fortuner,2007,18000,
 Hyundai,250,Tucson,2008,12800,
 Nissan,180,Tiida,2012,10000,
 Mazda,35,CX-3,2017,24000,
 Chevrolet,140,Sail2012,2014,10400,
 Chevrolet,278,2006,2006,14000,
 Fiat,130,uno way,2014,9900,
 Volkswagen voyage,49,Voyage,2016,14900,
 Volkswagen,65,Jetta,2014,18000,
 Chevrolet,200,Van N300,2015,12000,
 Chevrolet Activo,270,Chevrolet Activo,2008,8700,
 Ford,112,Expedition,2012,38000,
 Hyundai,1,Accent,2018,42000,
 Chevrolet,378,Grand Vitara,2007,10000,
 Chevrolet,34,Cruze,2017,19000,
 Nissan,800,2009,2009,20000,
 Citroën,1,C3,2018,580,
 Chevrolet,400,Aveo,2010,22500,
 Hyundai,140,i10,2013,8600,
 Hyundai,165,Santa Fe,2005,9600,
 Chevrolet,200,Grand Vitara,2010,13500,
 Nissan,137,Versa,2013,12000,
 Chevrolet,123,Spark GT,2013,9999,
 Ford,2013,Escape,2013,170000,
 Mazda,190,BT-50,2016,24500,
 Kia,53,Cerato,2015,15990,
 Kia,10,Rio,2019,125,
 Kia,130,Sportage,2011,13900,
 Chevrolet,1,Aveo,2019,80,
 Chevrolet,20,Corsa,2004,12500,
 Nissan,47,Sentra,2013,10999,
 Hyundai,300,H100,1998,6000,
 Vitara,125,97,1997,8000,
 citroen C3,173,C3,2005,6900,
 Toyota,110,Hilux,2015,33000,
 Chevrolet,2,Trooper,1986,4000,
 Hyundai,176,Tucson,2006,10500,
 Chevrolet,129,Trailblazer,2003,8500,
 Furguneta MITSUBISHI,260,L300,1981,500,
 Chevrolet,240,Corsa 1 4,2005,7200,
 Chevroleth,100,Sail 1.4 .. compu,2016,250,
 Kia,215,Pregio,2013,32000,
 Renault,137,Logan,2010,8000,
 Toyota,200,Corolla,2010,12500,
 Chevrolet,200,Corsa,2007,6300,
 Toyota,165,Hilux Diésel 4x4,2008,22000,
 Chevrolet,115,Vitara 3 puertas 4×4,2013,13000,
 Chery,18,Arrizo 3,2020,12700,
 Nissan,131,March 1.6 5P 4x2,2013,10450,
 Nissan,315,Nissan Sentra b15,2002,7000,
 Fiat,115,Palio Attractive,2013,9000,
 Toyota,219,Toyota yaris,2008,8700,
 Suzuki,45,S-Cross,2018,18000,
 Kia,157,Picanto,2010,8000,
 Chevrolet,180,aveo gt,2007,7500,
 Kia,14,Picanto,2020,13000,
 Chevrolet,298,Silverado 4x4,2002,8700,
 Renault,129,Logan,2010,8500,
 Chevrolet Dmax,180,D-Max,2015,23500,
 Volkswagen,330,Gol,1997,4800,
 Renault,56,duster 2018,2018,15500,
